	rank	measure	value
0	2	r_squared	0.3874123884472271
1	2	cosine_similarity	0.6389719253359067
2	2	r_squared	0.39240180680629144
3	2	cosine_similarity	0.6251478014709345
4	2	r_squared	0.12314283181854568
5	2	cosine_similarity	0.4864984013160281
6	2	r_squared	0.3875328081962435
7	2	cosine_similarity	0.6351366549982865
8	2	r_squared	0.14744069164021203
9	2	cosine_similarity	0.489948284851445
10	2	r_squared	0.1425644543148108
11	2	cosine_similarity	0.45276496274315303
12	2	r_squared	0.3727915833789074
13	2	cosine_similarity	0.623302353189525
14	2	r_squared	0.21187146262214493
15	2	cosine_similarity	0.5344844910362586
16	2	r_squared	-0.03030945223834432
17	2	cosine_similarity	0.4086953801584738
18	2	r_squared	0.17892067533374256
19	2	cosine_similarity	0.47431222133109585
20	2	r_squared	0.2704516382102027
21	2	cosine_similarity	0.5309932767691511
22	2	r_squared	0.20953497342712624
23	2	cosine_similarity	0.5063145130247481
24	2	r_squared	0.35011005390741246
25	2	cosine_similarity	0.6146070478939568
26	2	r_squared	0.09253484323047395
27	2	cosine_similarity	0.5016454657856879
28	2	r_squared	0.3248926531600427
29	2	cosine_similarity	0.5680819301948344
30	2	r_squared	0.16581352801267285
31	2	cosine_similarity	0.4726560658907924
32	2	r_squared	0.3448748215702853
33	2	cosine_similarity	0.6082735021343272
34	2	r_squared	0.05032096310539112
35	2	cosine_similarity	0.430370030877138
36	2	r_squared	0.3112588480656428
37	2	cosine_similarity	0.5726072600571073
38	2	r_squared	0.32540441590745023
39	2	cosine_similarity	0.5747519457110365
40	2	r_squared	0.1374756733789114
41	2	cosine_similarity	0.48358279726571074
42	2	r_squared	0.17212063763706972
43	2	cosine_similarity	0.5100706225149205
44	2	r_squared	0.3386537420930865
45	2	cosine_similarity	0.5986753482275133
46	2	r_squared	0.1575176073363506
47	2	cosine_similarity	0.5205879099441783
48	2	r_squared	0.1241136450217412
49	2	cosine_similarity	0.519268234084853
50	2	r_squared	0.2937224907371565
51	2	cosine_similarity	0.5415086068630173
52	2	r_squared	0.43156867871810073
53	2	cosine_similarity	0.664614236641738
54	2	r_squared	0.40913022315835
55	2	cosine_similarity	0.6503284878209286
56	2	r_squared	0.42544507528781367
57	2	cosine_similarity	0.6588099614377056
58	2	r_squared	0.36347165687483757
59	2	cosine_similarity	0.5916199961327816
60	2	r_squared	0.3907969832095683
61	2	cosine_similarity	0.6296660512620325
62	2	r_squared	0.37996319341292967
63	2	cosine_similarity	0.636487487210579
64	2	r_squared	0.3561594892957804
65	2	cosine_similarity	0.5994791948972356
66	2	r_squared	0.20771179115211147
67	2	cosine_similarity	0.5354727583291723
68	2	r_squared	0.175288186094974
69	2	cosine_similarity	0.49776342721280453
70	2	r_squared	0.06595101323540316
71	2	cosine_similarity	0.4824139979828073
72	2	r_squared	0.437600450495079
73	2	cosine_similarity	0.6640256701467631
74	2	r_squared	0.4214575354314763
75	2	cosine_similarity	0.6535255896475101
76	2	r_squared	0.18994891515074316
77	2	cosine_similarity	0.5426470141050465
78	2	r_squared	0.3685524726981388
79	2	cosine_similarity	0.6038012409582898
80	2	r_squared	0.3814741893608298
81	2	cosine_similarity	0.6248198784611654
82	2	r_squared	0.37854472669132044
83	2	cosine_similarity	0.6365509066134243
84	2	r_squared	0.14822909476629448
85	2	cosine_similarity	0.48588720610179653
86	2	r_squared	0.36916832855733994
87	2	cosine_similarity	0.6137453802230611
88	2	r_squared	0.28455341753105884
89	2	cosine_similarity	0.5500450609296547
90	2	r_squared	0.33186264430265416
91	2	cosine_similarity	0.597973498039731
92	2	r_squared	0.4032802160209646
93	2	cosine_similarity	0.642772213047847
94	2	r_squared	0.390115156105979
95	2	cosine_similarity	0.6265018735055521
96	2	r_squared	0.21364428917254066
97	2	cosine_similarity	0.5266533008789609
98	2	r_squared	0.316558369927016
99	2	cosine_similarity	0.5918048244613149
100	2	r_squared	0.21854980847100272
101	2	cosine_similarity	0.5349997722023456
102	2	r_squared	0.18322287335421436
103	2	cosine_similarity	0.4981807193398178
104	2	r_squared	0.3618081555379471
105	2	cosine_similarity	0.6100392770582244
106	2	r_squared	0.1231470186240461
107	2	cosine_similarity	0.49597174977262554
108	2	r_squared	0.1901514842143601
109	2	cosine_similarity	0.4746955277909598
110	2	r_squared	0.4018817335914074
111	2	cosine_similarity	0.6319636904425633
112	2	r_squared	0.35147173146239047
113	2	cosine_similarity	0.58592877340671
114	2	r_squared	0.1675396160368719
115	2	cosine_similarity	0.5142772661907854
116	2	r_squared	0.19251391255144648
117	2	cosine_similarity	0.4681599303060319
118	2	r_squared	0.36607921042828845
119	2	cosine_similarity	0.6171610463581513
120	2	r_squared	0.3299746230883483
121	2	cosine_similarity	0.572378137495388
122	2	r_squared	0.22922800207095348
123	2	cosine_similarity	0.514414252829908
124	2	r_squared	0.4065184858161262
125	2	cosine_similarity	0.6502787367774069
126	2	r_squared	0.34189351092072795
127	2	cosine_similarity	0.5713077042859995
128	2	r_squared	0.36152538295053216
129	2	cosine_similarity	0.6115427445945277
130	2	r_squared	0.15235852927401494
131	2	cosine_similarity	0.5288532884572877
132	2	r_squared	0.2110654015836464
133	2	cosine_similarity	0.5083047855550862
134	2	r_squared	0.3294766529120346
135	2	cosine_similarity	0.6071557635322318
136	2	r_squared	0.3885278184638951
137	2	cosine_similarity	0.6490812243562563
138	2	r_squared	0.3687858376054626
139	2	cosine_similarity	0.6227682759375901
140	2	r_squared	0.3507980510556631
141	2	cosine_similarity	0.5832276635250593
142	2	r_squared	0.1850090586580802
143	2	cosine_similarity	0.5290158654215649
144	2	r_squared	0.3523406833988302
145	2	cosine_similarity	0.5829756124088339
146	2	r_squared	0.3558080667626385
147	2	cosine_similarity	0.5912241476386374
148	2	r_squared	0.36899185097980475
149	2	cosine_similarity	0.6134133318322281
150	2	r_squared	0.3568368722198938
151	2	cosine_similarity	0.5929370365655066
152	2	r_squared	0.37427066790971164
153	2	cosine_similarity	0.616818320009616
154	2	r_squared	0.430369712133704
155	2	cosine_similarity	0.6559285701325285
156	2	r_squared	0.3048695773046456
157	2	cosine_similarity	0.5515604505789599
158	2	r_squared	0.23360845404890648
159	2	cosine_similarity	0.5361086328019236
160	2	r_squared	0.38528237680473065
161	2	cosine_similarity	0.6221647961877558
162	2	r_squared	0.22966626527949888
163	2	cosine_similarity	0.5353618589696093
164	2	r_squared	0.36128879695074984
165	2	cosine_similarity	0.6093248698582365
166	2	r_squared	0.3197935246914125
167	2	cosine_similarity	0.5777712882121027
168	2	r_squared	0.22086133637056804
169	2	cosine_similarity	0.5369913411954916
170	2	r_squared	0.19434275276748428
171	2	cosine_similarity	0.4761659176014647
172	2	r_squared	0.3808234137976724
173	2	cosine_similarity	0.6210276925563716
174	2	r_squared	0.31263427861248183
175	2	cosine_similarity	0.5653823668818168
176	2	r_squared	0.4099142582329709
177	2	cosine_similarity	0.6471966330086809
178	2	r_squared	0.3788360667147393
179	2	cosine_similarity	0.6235850113887058
180	2	r_squared	0.20189604278685913
181	2	cosine_similarity	0.4734491501531348
182	2	r_squared	0.3267474058984395
183	2	cosine_similarity	0.5738262176551758
184	2	r_squared	0.3971936047451005
185	2	cosine_similarity	0.640066751082989
186	2	r_squared	0.34098990639029697
187	2	cosine_similarity	0.5813015345513364
188	2	r_squared	0.08395867507890847
189	2	cosine_similarity	0.4669912452695784
190	2	r_squared	0.3759209519526242
191	2	cosine_similarity	0.6224733697602824
192	2	r_squared	0.17500490822076875
193	2	cosine_similarity	0.4902007679549747
194	2	r_squared	0.30400256741968473
195	2	cosine_similarity	0.5672917834360545
196	2	r_squared	0.12401716313907737
197	2	cosine_similarity	0.5091726115763046
198	2	r_squared	0.16104020293258017
199	2	cosine_similarity	0.4660146206426783
200	3	r_squared	0.3906347730777064
201	3	cosine_similarity	0.6420999782269411
202	3	r_squared	0.3809563182312079
203	3	cosine_similarity	0.619693438829923
204	3	r_squared	0.11043435264585513
205	3	cosine_similarity	0.4844243987417912
206	3	r_squared	0.37966232220417084
207	3	cosine_similarity	0.6298718601644192
208	3	r_squared	0.13411528436836218
209	3	cosine_similarity	0.48991808939017645
210	3	r_squared	0.18412200162366427
211	3	cosine_similarity	0.4639807252334473
212	3	r_squared	0.3764446281890153
213	3	cosine_similarity	0.6256751331981414
214	3	r_squared	0.2052307223644864
215	3	cosine_similarity	0.532421940832622
216	3	r_squared	0.019690921175047695
217	3	cosine_similarity	0.4098616074195639
218	3	r_squared	0.19834675287495085
219	3	cosine_similarity	0.4800053045194452
220	3	r_squared	0.2828205127697042
221	3	cosine_similarity	0.5460484399759018
222	3	r_squared	0.21820849495938008
223	3	cosine_similarity	0.5105977230615147
224	3	r_squared	0.3579118738697683
225	3	cosine_similarity	0.6191813538082198
226	3	r_squared	0.06824636146051677
227	3	cosine_similarity	0.49138868070921327
228	3	r_squared	0.3106398294253007
229	3	cosine_similarity	0.5615523611134495
230	3	r_squared	0.16216724795223283
231	3	cosine_similarity	0.47443732829621094
232	3	r_squared	0.34305778434979667
233	3	cosine_similarity	0.60735782911172
234	3	r_squared	0.05511716746128207
235	3	cosine_similarity	0.42695599636658726
236	3	r_squared	0.32565479037619344
237	3	cosine_similarity	0.577837447019055
238	3	r_squared	0.3166903005590805
239	3	cosine_similarity	0.5744601630836166
240	3	r_squared	0.13394174120742122
241	3	cosine_similarity	0.4885588305216088
242	3	r_squared	0.18532732807834643
243	3	cosine_similarity	0.5150917512684203
244	3	r_squared	0.3454605980010828
245	3	cosine_similarity	0.6026292398824334
246	3	r_squared	0.1424721335525547
247	3	cosine_similarity	0.5111481204611743
248	3	r_squared	0.11034355361573928
249	3	cosine_similarity	0.5144440455787282
250	3	r_squared	0.29012022438062973
251	3	cosine_similarity	0.5436453092104109
252	3	r_squared	0.41930761412722584
253	3	cosine_similarity	0.6562018080383654
254	3	r_squared	0.4007840320487744
255	3	cosine_similarity	0.645739582972369
256	3	r_squared	0.4256706919249648
257	3	cosine_similarity	0.6593833266717241
258	3	r_squared	0.3919091947426017
259	3	cosine_similarity	0.6121074008641224
260	3	r_squared	0.384288641622239
261	3	cosine_similarity	0.6257187538204455
262	3	r_squared	0.3606254564371031
263	3	cosine_similarity	0.6261825999655714
264	3	r_squared	0.3807670349294472
265	3	cosine_similarity	0.6181811798649741
266	3	r_squared	0.1946695175946392
267	3	cosine_similarity	0.5322278556228933
268	3	r_squared	0.16925383678144346
269	3	cosine_similarity	0.49687549055183283
270	3	r_squared	0.11099452617503114
271	3	cosine_similarity	0.49160123825205193
272	3	r_squared	0.42385698700311436
273	3	cosine_similarity	0.6555826349100289
274	3	r_squared	0.40431363952834704
275	3	cosine_similarity	0.6411874405750875
276	3	r_squared	0.20981652235089518
277	3	cosine_similarity	0.55303933346965
278	3	r_squared	0.3623579730206805
279	3	cosine_similarity	0.6023797281646122
280	3	r_squared	0.3816105773657307
281	3	cosine_similarity	0.6257499608261955
282	3	r_squared	0.383182103561182
283	3	cosine_similarity	0.6359571213239188
284	3	r_squared	0.1370490915889296
285	3	cosine_similarity	0.48683321788512857
286	3	r_squared	0.36229466763001045
287	3	cosine_similarity	0.6110658496530377
288	3	r_squared	0.29957861054256146
289	3	cosine_similarity	0.5610056015322105
290	3	r_squared	0.34864764987699187
291	3	cosine_similarity	0.6074161588026946
292	3	r_squared	0.40577982562143355
293	3	cosine_similarity	0.643417151313836
294	3	r_squared	0.387525605851581
295	3	cosine_similarity	0.6246652861026438
296	3	r_squared	0.20460254718980847
297	3	cosine_similarity	0.529285423176358
298	3	r_squared	0.342464357535814
299	3	cosine_similarity	0.605736689568601
300	3	r_squared	0.20795122040370842
301	3	cosine_similarity	0.5330741208075884
302	3	r_squared	0.2042471409516588
303	3	cosine_similarity	0.5050828023520672
304	3	r_squared	0.36145896512071624
305	3	cosine_similarity	0.6122851711018206
306	3	r_squared	0.1858531884463409
307	3	cosine_similarity	0.5059928439427258
308	3	r_squared	0.196078516493647
309	3	cosine_similarity	0.4780999059622865
310	3	r_squared	0.3817808300193358
311	3	cosine_similarity	0.6220974268240993
312	3	r_squared	0.3573594232282755
313	3	cosine_similarity	0.591495496539444
314	3	r_squared	0.15290923395794312
315	3	cosine_similarity	0.5098556268655848
316	3	r_squared	0.188591520377136
317	3	cosine_similarity	0.46677872469833925
318	3	r_squared	0.3746769013129426
319	3	cosine_similarity	0.6222306846896282
320	3	r_squared	0.3575270590636264
321	3	cosine_similarity	0.5915829251332219
322	3	r_squared	0.26105630462463336
323	3	cosine_similarity	0.5264771504158247
324	3	r_squared	0.3987656932201967
325	3	cosine_similarity	0.6447339459486976
326	3	r_squared	0.3306126820198393
327	3	cosine_similarity	0.5707624373067224
328	3	r_squared	0.36395678618603833
329	3	cosine_similarity	0.6109487976714382
330	3	r_squared	0.15264843961028637
331	3	cosine_similarity	0.529485921899014
332	3	r_squared	0.22072951498256932
333	3	cosine_similarity	0.5225812988741662
334	3	r_squared	0.34960117303958405
335	3	cosine_similarity	0.6171216287804068
336	3	r_squared	0.3814990306880168
337	3	cosine_similarity	0.6418514594516854
338	3	r_squared	0.36236255262110095
339	3	cosine_similarity	0.6193047074372762
340	3	r_squared	0.346257351852419
341	3	cosine_similarity	0.5852814049901285
342	3	r_squared	0.17162928776403352
343	3	cosine_similarity	0.5282331235502051
344	3	r_squared	0.3446800016173745
345	3	cosine_similarity	0.5801775795922651
346	3	r_squared	0.3481780459447926
347	3	cosine_similarity	0.5927684282507365
348	3	r_squared	0.37930089129587785
349	3	cosine_similarity	0.6221831952371941
350	3	r_squared	0.36506185436957056
351	3	cosine_similarity	0.6046479407077897
352	3	r_squared	0.35727497197092917
353	3	cosine_similarity	0.6102869878268625
354	3	r_squared	0.426272235767543
355	3	cosine_similarity	0.6504376682727331
356	3	r_squared	0.301269527196105
357	3	cosine_similarity	0.5505074775690848
358	3	r_squared	0.23216862991331905
359	3	cosine_similarity	0.53730444500834
360	3	r_squared	0.38774633946114895
361	3	cosine_similarity	0.6218396064098983
362	3	r_squared	0.23773682897406045
363	3	cosine_similarity	0.5412400946711259
364	3	r_squared	0.37421771523093955
365	3	cosine_similarity	0.6177500257531872
366	3	r_squared	0.32484607619412426
367	3	cosine_similarity	0.5892645415136906
368	3	r_squared	0.21904988599177028
369	3	cosine_similarity	0.5370796992686628
370	3	r_squared	0.2130962286198962
371	3	cosine_similarity	0.49344425056267366
372	3	r_squared	0.37957502711838736
373	3	cosine_similarity	0.6206953096973642
374	3	r_squared	0.3233879764724383
375	3	cosine_similarity	0.5782530720222299
376	3	r_squared	0.4047849955075481
377	3	cosine_similarity	0.6454856272365824
378	3	r_squared	0.36124377742803876
379	3	cosine_similarity	0.6163639294528575
380	3	r_squared	0.21643810681242703
381	3	cosine_similarity	0.48257905094558695
382	3	r_squared	0.348968559253404
383	3	cosine_similarity	0.5937811741531406
384	3	r_squared	0.38771832774215825
385	3	cosine_similarity	0.6352310399680371
386	3	r_squared	0.35261116685775895
387	3	cosine_similarity	0.5859734501285063
388	3	r_squared	0.0796937863640065
389	3	cosine_similarity	0.4648280033811797
390	3	r_squared	0.36433164227445947
391	3	cosine_similarity	0.6163707659845875
392	3	r_squared	0.17186099793744594
393	3	cosine_similarity	0.4925915291674833
394	3	r_squared	0.31140024337760264
395	3	cosine_similarity	0.5715866071937151
396	3	r_squared	0.15055611283213452
397	3	cosine_similarity	0.5176584863541142
398	3	r_squared	0.16438033725382548
399	3	cosine_similarity	0.4692802448358002
400	4	r_squared	0.38719393607169533
401	4	cosine_similarity	0.6418065414958019
402	4	r_squared	0.3900976706809392
403	4	cosine_similarity	0.6262691051401337
404	4	r_squared	0.1218777220894291
405	4	cosine_similarity	0.48387679814303375
406	4	r_squared	0.36596709511740594
407	4	cosine_similarity	0.6235341857685823
408	4	r_squared	0.1728981270186175
409	4	cosine_similarity	0.4937789191717124
410	4	r_squared	0.20771128123183066
411	4	cosine_similarity	0.4667524721379261
412	4	r_squared	0.38855115982915667
413	4	cosine_similarity	0.63075943147053
414	4	r_squared	0.21872473709598556
415	4	cosine_similarity	0.5359569325577908
416	4	r_squared	0.013384039805283379
417	4	cosine_similarity	0.398915608948053
418	4	r_squared	0.2074866136458476
419	4	cosine_similarity	0.4868934936513278
420	4	r_squared	0.2732025524565549
421	4	cosine_similarity	0.5364338988945307
422	4	r_squared	0.22572283700377835
423	4	cosine_similarity	0.5129605308625034
424	4	r_squared	0.3573634861408009
425	4	cosine_similarity	0.6185682584885355
426	4	r_squared	0.10328154337875416
427	4	cosine_similarity	0.49800346565127007
428	4	r_squared	0.3408660704947259
429	4	cosine_similarity	0.5760068009231337
430	4	r_squared	0.17012526412947532
431	4	cosine_similarity	0.47484008030522024
432	4	r_squared	0.3369404523460815
433	4	cosine_similarity	0.6070521501227389
434	4	r_squared	0.08413943898348904
435	4	cosine_similarity	0.42600795192376983
436	4	r_squared	0.3411757765127518
437	4	cosine_similarity	0.5848579034884305
438	4	r_squared	0.32222260492160315
439	4	cosine_similarity	0.5782784737983653
440	4	r_squared	0.14487860852181264
441	4	cosine_similarity	0.4815720341516574
442	4	r_squared	0.18431672681511063
443	4	cosine_similarity	0.5126621898077309
444	4	r_squared	0.34503267647150393
445	4	cosine_similarity	0.602158077494487
446	4	r_squared	0.16358340329233634
447	4	cosine_similarity	0.5144814715696064
448	4	r_squared	0.15796853696750435
449	4	cosine_similarity	0.51945195066156
450	4	r_squared	0.2973881608210038
451	4	cosine_similarity	0.5457946888577918
452	4	r_squared	0.4334152453966465
453	4	cosine_similarity	0.6631323401790342
454	4	r_squared	0.4200396142499143
455	4	cosine_similarity	0.6560211576116303
456	4	r_squared	0.4339435942273045
457	4	cosine_similarity	0.6611160752716531
458	4	r_squared	0.3871703095867478
459	4	cosine_similarity	0.6114456081510535
460	4	r_squared	0.3964630627376983
461	4	cosine_similarity	0.6350187118974915
462	4	r_squared	0.36203831686891663
463	4	cosine_similarity	0.6290289676673737
464	4	r_squared	0.3904606150442898
465	4	cosine_similarity	0.6229555298797205
466	4	r_squared	0.22449306056978413
467	4	cosine_similarity	0.5374640767633169
468	4	r_squared	0.18394548484036718
469	4	cosine_similarity	0.498008780649579
470	4	r_squared	0.1177367599361982
471	4	cosine_similarity	0.492536279618554
472	4	r_squared	0.42045692685883007
473	4	cosine_similarity	0.6556267885519621
474	4	r_squared	0.39357734707037495
475	4	cosine_similarity	0.6391561740989871
476	4	r_squared	0.18088019937787594
477	4	cosine_similarity	0.5470398983424473
478	4	r_squared	0.37392940749428916
479	4	cosine_similarity	0.6089898578669023
480	4	r_squared	0.36943625067402885
481	4	cosine_similarity	0.6229716171720437
482	4	r_squared	0.3826426254213887
483	4	cosine_similarity	0.6373818475089785
484	4	r_squared	0.16242842028970306
485	4	cosine_similarity	0.49419694202203224
486	4	r_squared	0.3638283168570688
487	4	cosine_similarity	0.6138329169295812
488	4	r_squared	0.296098425556754
489	4	cosine_similarity	0.5612040129199363
490	4	r_squared	0.33061756189507935
491	4	cosine_similarity	0.6031244192416464
492	4	r_squared	0.3966039882504467
493	4	cosine_similarity	0.6457755959001756
494	4	r_squared	0.39053826998859903
495	4	cosine_similarity	0.6290429693020002
496	4	r_squared	0.19828228322868585
497	4	cosine_similarity	0.5242209817990825
498	4	r_squared	0.3379991094955433
499	4	cosine_similarity	0.6052477390487225
500	4	r_squared	0.21688346001748662
501	4	cosine_similarity	0.5345409869801379
502	4	r_squared	0.19917204729911786
503	4	cosine_similarity	0.499414279327688
504	4	r_squared	0.3645293208543751
505	4	cosine_similarity	0.6143953351925122
506	4	r_squared	0.19324909457304168
507	4	cosine_similarity	0.5093688350765921
508	4	r_squared	0.1945430104411191
509	4	cosine_similarity	0.4801996879481365
510	4	r_squared	0.4067094626910359
511	4	cosine_similarity	0.6384349701558035
512	4	r_squared	0.3663706577176365
513	4	cosine_similarity	0.5941907655839357
514	4	r_squared	0.17803573660518252
515	4	cosine_similarity	0.5112043942163533
516	4	r_squared	0.20087770850337058
517	4	cosine_similarity	0.47602237162748623
518	4	r_squared	0.35387708828520736
519	4	cosine_similarity	0.6150128085474044
520	4	r_squared	0.3455327302607438
521	4	cosine_similarity	0.5814580115126354
522	4	r_squared	0.26316548907788817
523	4	cosine_similarity	0.5303340942976261
524	4	r_squared	0.3917728853802863
525	4	cosine_similarity	0.6400809159894011
526	4	r_squared	0.3400613280189857
527	4	cosine_similarity	0.5712089452396047
528	4	r_squared	0.3613438693338016
529	4	cosine_similarity	0.6143509113956687
530	4	r_squared	0.18747631064963413
531	4	cosine_similarity	0.5339716290845515
532	4	r_squared	0.21381353003834497
533	4	cosine_similarity	0.516641716618359
534	4	r_squared	0.3292717219508931
535	4	cosine_similarity	0.6123181333567358
536	4	r_squared	0.3748640043958149
537	4	cosine_similarity	0.6387444045802874
538	4	r_squared	0.3652771860482826
539	4	cosine_similarity	0.6194783163916329
540	4	r_squared	0.37560779701824526
541	4	cosine_similarity	0.6007696922609083
542	4	r_squared	0.19745420898875002
543	4	cosine_similarity	0.5286448904159317
544	4	r_squared	0.34165713363579975
545	4	cosine_similarity	0.58016490830049
546	4	r_squared	0.37701472197545133
547	4	cosine_similarity	0.6059367886879006
548	4	r_squared	0.362313137150164
549	4	cosine_similarity	0.6136154984911856
550	4	r_squared	0.3848938667423334
551	4	cosine_similarity	0.6165189873337515
552	4	r_squared	0.3666544080843691
553	4	cosine_similarity	0.6182188847626092
554	4	r_squared	0.42233187289141605
555	4	cosine_similarity	0.6526552165856649
556	4	r_squared	0.3056225197979242
557	4	cosine_similarity	0.5545157953835184
558	4	r_squared	0.23371151903963325
559	4	cosine_similarity	0.5381284901986835
560	4	r_squared	0.3855399508713109
561	4	cosine_similarity	0.6211842887572597
562	4	r_squared	0.23145727407117622
563	4	cosine_similarity	0.5384597631443692
564	4	r_squared	0.37631328860149177
565	4	cosine_similarity	0.6205322381782535
566	4	r_squared	0.31689529611797446
567	4	cosine_similarity	0.5866115931818787
568	4	r_squared	0.2147862775228069
569	4	cosine_similarity	0.5439589315167392
570	4	r_squared	0.22923270363576442
571	4	cosine_similarity	0.5016746857038467
572	4	r_squared	0.38535668075751894
573	4	cosine_similarity	0.6248509835460959
574	4	r_squared	0.3543086665741244
575	4	cosine_similarity	0.5955289300000561
576	4	r_squared	0.4079503361879752
577	4	cosine_similarity	0.6463962011637181
578	4	r_squared	0.3645374561199208
579	4	cosine_similarity	0.6188474066877582
580	4	r_squared	0.20944037290351097
581	4	cosine_similarity	0.4841786809041105
582	4	r_squared	0.3603203596241287
583	4	cosine_similarity	0.6005309233119601
584	4	r_squared	0.4049577921634973
585	4	cosine_similarity	0.6459059234526012
586	4	r_squared	0.3638899012463706
587	4	cosine_similarity	0.5947050498642962
588	4	r_squared	0.06825537490845113
589	4	cosine_similarity	0.4703866837368551
590	4	r_squared	0.37434897444338205
591	4	cosine_similarity	0.6232470359160969
592	4	r_squared	0.16844272474335437
593	4	cosine_similarity	0.4968843028049625
594	4	r_squared	0.3354085777340564
595	4	cosine_similarity	0.5926833899833778
596	4	r_squared	0.14949940228083725
597	4	cosine_similarity	0.5222052608463337
598	4	r_squared	0.20682862308308048
599	4	cosine_similarity	0.4861542081508729
600	5	r_squared	0.4022652724514932
601	5	cosine_similarity	0.650570658970378
602	5	r_squared	0.42355206923212657
603	5	cosine_similarity	0.6424036842905821
604	5	r_squared	0.15340101521808094
605	5	cosine_similarity	0.497612554328597
606	5	r_squared	0.3815912587397483
607	5	cosine_similarity	0.6329000829419722
608	5	r_squared	0.15543929185740218
609	5	cosine_similarity	0.503248910823774
610	5	r_squared	0.2158446027985669
611	5	cosine_similarity	0.4796665907004448
612	5	r_squared	0.3694318418032344
613	5	cosine_similarity	0.634944826412297
614	5	r_squared	0.2386768840458861
615	5	cosine_similarity	0.5390225621165484
616	5	r_squared	0.016787305518192703
617	5	cosine_similarity	0.41186592076530637
618	5	r_squared	0.2379503172832536
619	5	cosine_similarity	0.5032471015568966
620	5	r_squared	0.2538130770822257
621	5	cosine_similarity	0.5361986609994924
622	5	r_squared	0.23893347877622467
623	5	cosine_similarity	0.5228154217962807
624	5	r_squared	0.35904691971737523
625	5	cosine_similarity	0.6198545765343191
626	5	r_squared	0.08507571524068859
627	5	cosine_similarity	0.4930581056374732
628	5	r_squared	0.35206227030868087
629	5	cosine_similarity	0.5850727371208236
630	5	r_squared	0.1770655857671748
631	5	cosine_similarity	0.47897568270594604
632	5	r_squared	0.37644034386776
633	5	cosine_similarity	0.6283601369136619
634	5	r_squared	0.14489172463232583
635	5	cosine_similarity	0.45267401216945685
636	5	r_squared	0.3533625367797036
637	5	cosine_similarity	0.5950954468674552
638	5	r_squared	0.3468331176225805
639	5	cosine_similarity	0.5957877900216483
640	5	r_squared	0.13315077023305533
641	5	cosine_similarity	0.487114549420846
642	5	r_squared	0.18933797597820778
643	5	cosine_similarity	0.5122519046727214
644	5	r_squared	0.35507029806220697
645	5	cosine_similarity	0.6138392413237015
646	5	r_squared	0.16918043777419045
647	5	cosine_similarity	0.515129669255898
648	5	r_squared	0.16611188557660883
649	5	cosine_similarity	0.5172580762706416
650	5	r_squared	0.3041879101415824
651	5	cosine_similarity	0.5553824380426602
652	5	r_squared	0.4387154277243104
653	5	cosine_similarity	0.662240436406392
654	5	r_squared	0.44859038997928596
655	5	cosine_similarity	0.6706123871820531
656	5	r_squared	0.441591916472681
657	5	cosine_similarity	0.6649345087646543
658	5	r_squared	0.39719315595276644
659	5	cosine_similarity	0.618273241855136
660	5	r_squared	0.4177531536809733
661	5	cosine_similarity	0.6453071075339225
662	5	r_squared	0.3551059593802849
663	5	cosine_similarity	0.6278030369162325
664	5	r_squared	0.41015178972772987
665	5	cosine_similarity	0.6357366899863918
666	5	r_squared	0.2490358393799284
667	5	cosine_similarity	0.546554541674148
668	5	r_squared	0.180706855763979
669	5	cosine_similarity	0.5064343715417732
670	5	r_squared	0.0654264680984154
671	5	cosine_similarity	0.48913748630349246
672	5	r_squared	0.43400414716451535
673	5	cosine_similarity	0.6588195097145197
674	5	r_squared	0.42019691579597357
675	5	cosine_similarity	0.6539244222973983
676	5	r_squared	0.2031772183312261
677	5	cosine_similarity	0.5531175696262979
678	5	r_squared	0.37565950719033037
679	5	cosine_similarity	0.6139724200871932
680	5	r_squared	0.39271633269622125
681	5	cosine_similarity	0.6327401851468927
682	5	r_squared	0.3808593196118553
683	5	cosine_similarity	0.6381876111611677
684	5	r_squared	0.20263407745272838
685	5	cosine_similarity	0.5037145671395966
686	5	r_squared	0.3686270240346889
687	5	cosine_similarity	0.6173379486116657
688	5	r_squared	0.3092021783208268
689	5	cosine_similarity	0.5720636300291229
690	5	r_squared	0.3253322142609462
691	5	cosine_similarity	0.6029771365756447
692	5	r_squared	0.40445110575161913
693	5	cosine_similarity	0.6478665361407943
694	5	r_squared	0.4193424434777795
695	5	cosine_similarity	0.641878461260622
696	5	r_squared	0.21946789781271572
697	5	cosine_similarity	0.530944653980365
698	5	r_squared	0.3591418652906632
699	5	cosine_similarity	0.6166964015734475
700	5	r_squared	0.2297350983177678
701	5	cosine_similarity	0.5384145791452912
702	5	r_squared	0.19481911515092984
703	5	cosine_similarity	0.5006034432368973
704	5	r_squared	0.3703150635379302
705	5	cosine_similarity	0.6168497748221576
706	5	r_squared	0.21414594700154663
707	5	cosine_similarity	0.5268029648607121
708	5	r_squared	0.18582492003771423
709	5	cosine_similarity	0.4860367809916041
710	5	r_squared	0.4120494125504889
711	5	cosine_similarity	0.6441304917065545
712	5	r_squared	0.36211369379931213
713	5	cosine_similarity	0.5938906013033514
714	5	r_squared	0.21154074523526656
715	5	cosine_similarity	0.5195262210481155
716	5	r_squared	0.1978640467114605
717	5	cosine_similarity	0.484731096999677
718	5	r_squared	0.40296779388701287
719	5	cosine_similarity	0.636898871303984
720	5	r_squared	0.35259603410090873
721	5	cosine_similarity	0.5821895956327174
722	5	r_squared	0.25340592115012794
723	5	cosine_similarity	0.5256832415616551
724	5	r_squared	0.41280660727667945
725	5	cosine_similarity	0.6550046887582208
726	5	r_squared	0.3426176683821096
727	5	cosine_similarity	0.5800590689937105
728	5	r_squared	0.3908808124219585
729	5	cosine_similarity	0.6302594989156568
730	5	r_squared	0.262905237609044
731	5	cosine_similarity	0.5531696200609383
732	5	r_squared	0.23062312372190785
733	5	cosine_similarity	0.5209085579325584
734	5	r_squared	0.3313251712194285
735	5	cosine_similarity	0.6151413645138606
736	5	r_squared	0.3422889466851692
737	5	cosine_similarity	0.6280665099879846
738	5	r_squared	0.35961680685427205
739	5	cosine_similarity	0.6189754688537322
740	5	r_squared	0.39240890576445114
741	5	cosine_similarity	0.612828515601614
742	5	r_squared	0.19128332766588046
743	5	cosine_similarity	0.532941794176215
744	5	r_squared	0.35152033507871105
745	5	cosine_similarity	0.5870476036618416
746	5	r_squared	0.38021037530031
747	5	cosine_similarity	0.6102411102768541
748	5	r_squared	0.3788626850254707
749	5	cosine_similarity	0.6236874115616734
750	5	r_squared	0.3776758481569245
751	5	cosine_similarity	0.6106726922983369
752	5	r_squared	0.3754505535749442
753	5	cosine_similarity	0.6279676657415814
754	5	r_squared	0.4489163057837988
755	5	cosine_similarity	0.6677494680017263
756	5	r_squared	0.3328680062710656
757	5	cosine_similarity	0.5738078665886808
758	5	r_squared	0.26205979760509923
759	5	cosine_similarity	0.5446252783475273
760	5	r_squared	0.3885259619376267
761	5	cosine_similarity	0.6230779345982419
762	5	r_squared	0.23027702470822511
763	5	cosine_similarity	0.5369505601053916
764	5	r_squared	0.3883616095261587
765	5	cosine_similarity	0.629574364806112
766	5	r_squared	0.32371376045315164
767	5	cosine_similarity	0.591076885506773
768	5	r_squared	0.23427912736644618
769	5	cosine_similarity	0.5451598512078731
770	5	r_squared	0.24077526820248263
771	5	cosine_similarity	0.5060592158031041
772	5	r_squared	0.416326428235943
773	5	cosine_similarity	0.6422756437881687
774	5	r_squared	0.3794652584743363
775	5	cosine_similarity	0.6113605475345147
776	5	r_squared	0.3979773589637935
777	5	cosine_similarity	0.6368851793950571
778	5	r_squared	0.39169467642825695
779	5	cosine_similarity	0.6331766131423837
780	5	r_squared	0.21072746316678173
781	5	cosine_similarity	0.4914249716884272
782	5	r_squared	0.35096972472878163
783	5	cosine_similarity	0.5953905291568287
784	5	r_squared	0.40464980501046255
785	5	cosine_similarity	0.6433503864215763
786	5	r_squared	0.3913447741726045
787	5	cosine_similarity	0.6127911391810102
788	5	r_squared	0.18308416997018384
789	5	cosine_similarity	0.4791103560984759
790	5	r_squared	0.40345857467581486
791	5	cosine_similarity	0.6382043616863996
792	5	r_squared	0.18647184956790286
793	5	cosine_similarity	0.49893069818647134
794	5	r_squared	0.3474914988254074
795	5	cosine_similarity	0.6040659838730584
796	5	r_squared	0.2073888579790406
797	5	cosine_similarity	0.5248750111571715
798	5	r_squared	0.19813831522357123
799	5	cosine_similarity	0.49143717176729507
800	6	r_squared	0.40122365985319686
801	6	cosine_similarity	0.6518989778583547
802	6	r_squared	0.4353577985068308
803	6	cosine_similarity	0.6526287538289803
804	6	r_squared	0.2194428419483337
805	6	cosine_similarity	0.512791567812767
806	6	r_squared	0.3973859278395351
807	6	cosine_similarity	0.6414763057725471
808	6	r_squared	0.163842807653692
809	6	cosine_similarity	0.5042926726331429
810	6	r_squared	0.218278117875376
811	6	cosine_similarity	0.4860513864230347
812	6	r_squared	0.36560192442250833
813	6	cosine_similarity	0.6310814845814778
814	6	r_squared	0.26615883105971583
815	6	cosine_similarity	0.5459110536558656
816	6	r_squared	0.0541032830799094
817	6	cosine_similarity	0.43208659988148734
818	6	r_squared	0.2327683017693752
819	6	cosine_similarity	0.5049181194517479
820	6	r_squared	0.26252336723981573
821	6	cosine_similarity	0.5431454298133953
822	6	r_squared	0.23886924833085846
823	6	cosine_similarity	0.5283433116020253
824	6	r_squared	0.39345806187329124
825	6	cosine_similarity	0.6378259830340667
826	6	r_squared	0.07833230445527735
827	6	cosine_similarity	0.4976141741032794
828	6	r_squared	0.35527180715481166
829	6	cosine_similarity	0.5920334614591765
830	6	r_squared	0.20448685099388783
831	6	cosine_similarity	0.4916496859152897
832	6	r_squared	0.36093507695506244
833	6	cosine_similarity	0.6230421866501712
834	6	r_squared	0.16349004277453633
835	6	cosine_similarity	0.46345772655862827
836	6	r_squared	0.3553773642374931
837	6	cosine_similarity	0.5990443785509731
838	6	r_squared	0.36150280198411694
839	6	cosine_similarity	0.6069068005104984
840	6	r_squared	0.15541448236734584
841	6	cosine_similarity	0.4859164618492167
842	6	r_squared	0.20195161388030364
843	6	cosine_similarity	0.5209504565464296
844	6	r_squared	0.3648258130803401
845	6	cosine_similarity	0.6192224925550552
846	6	r_squared	0.18561423750474543
847	6	cosine_similarity	0.5300984842844707
848	6	r_squared	0.13560983695130716
849	6	cosine_similarity	0.5048150523469179
850	6	r_squared	0.31412038988156965
851	6	cosine_similarity	0.5641354380412521
852	6	r_squared	0.4449335891665882
853	6	cosine_similarity	0.6649107135082761
854	6	r_squared	0.4419225023470646
855	6	cosine_similarity	0.6603420064057741
856	6	r_squared	0.4520314856264576
857	6	cosine_similarity	0.669272983288484
858	6	r_squared	0.4075923750014456
859	6	cosine_similarity	0.624109142993984
860	6	r_squared	0.41758150359774376
861	6	cosine_similarity	0.6452511802892698
862	6	r_squared	0.35202178828768893
863	6	cosine_similarity	0.627445992480904
864	6	r_squared	0.4105430783797974
865	6	cosine_similarity	0.636122619350568
866	6	r_squared	0.24172293841734108
867	6	cosine_similarity	0.5389119255648447
868	6	r_squared	0.19169287733574641
869	6	cosine_similarity	0.5149794833871808
870	6	r_squared	0.11160921537818903
871	6	cosine_similarity	0.5059173211151485
872	6	r_squared	0.43446169277170266
873	6	cosine_similarity	0.6581632416798584
874	6	r_squared	0.4231156218643118
875	6	cosine_similarity	0.6571425988220896
876	6	r_squared	0.23665790727511438
877	6	cosine_similarity	0.5621136089469739
878	6	r_squared	0.3958243994104645
879	6	cosine_similarity	0.6259655213611982
880	6	r_squared	0.40917848686777725
881	6	cosine_similarity	0.643709343273665
882	6	r_squared	0.38295193380366555
883	6	cosine_similarity	0.6429221103977185
884	6	r_squared	0.19589394655141434
885	6	cosine_similarity	0.5025231411641757
886	6	r_squared	0.38075827292813785
887	6	cosine_similarity	0.6231416130412275
888	6	r_squared	0.34059808856575213
889	6	cosine_similarity	0.5881044766939334
890	6	r_squared	0.32835042084386185
891	6	cosine_similarity	0.6050517392936586
892	6	r_squared	0.4152512225512413
893	6	cosine_similarity	0.6534364515340414
894	6	r_squared	0.42574984510110586
895	6	cosine_similarity	0.6456545079444528
896	6	r_squared	0.26023038644953456
897	6	cosine_similarity	0.5442335555658704
898	6	r_squared	0.36229446090041606
899	6	cosine_similarity	0.6194218801151238
900	6	r_squared	0.2675232497782395
901	6	cosine_similarity	0.544222646779472
902	6	r_squared	0.24038263991341205
903	6	cosine_similarity	0.5175218716206278
904	6	r_squared	0.38469526271438703
905	6	cosine_similarity	0.6241571169264142
906	6	r_squared	0.24324146311966657
907	6	cosine_similarity	0.5255058233569792
908	6	r_squared	0.22785444842667138
909	6	cosine_similarity	0.501981276840923
910	6	r_squared	0.4189151263538806
911	6	cosine_similarity	0.649769953959369
912	6	r_squared	0.3925838795625679
913	6	cosine_similarity	0.6076757364946845
914	6	r_squared	0.22656223596675507
915	6	cosine_similarity	0.5310927270286572
916	6	r_squared	0.2027297708012809
917	6	cosine_similarity	0.4893153490485623
918	6	r_squared	0.4227220299187535
919	6	cosine_similarity	0.650507769932375
920	6	r_squared	0.36274998914034995
921	6	cosine_similarity	0.5921639394705372
922	6	r_squared	0.2817908013994997
923	6	cosine_similarity	0.5389529823724697
924	6	r_squared	0.4332751078306003
925	6	cosine_similarity	0.6677318784661899
926	6	r_squared	0.3492490534099576
927	6	cosine_similarity	0.5867883482480258
928	6	r_squared	0.42263966906100303
929	6	cosine_similarity	0.6484850971201532
930	6	r_squared	0.25824479044526977
931	6	cosine_similarity	0.5537470440219704
932	6	r_squared	0.23207785377994
933	6	cosine_similarity	0.524299411730229
934	6	r_squared	0.35770763708758435
935	6	cosine_similarity	0.6244786332215483
936	6	r_squared	0.35102271375888394
937	6	cosine_similarity	0.6322629203021821
938	6	r_squared	0.36790396498605393
939	6	cosine_similarity	0.6231545953986273
940	6	r_squared	0.39679746975689034
941	6	cosine_similarity	0.6158339957525057
942	6	r_squared	0.20135263768097048
943	6	cosine_similarity	0.5350040586711065
944	6	r_squared	0.3790846648293276
945	6	cosine_similarity	0.6011884878167283
946	6	r_squared	0.3990737238435325
947	6	cosine_similarity	0.622826854609789
948	6	r_squared	0.4028806174535668
949	6	cosine_similarity	0.6344428166667324
950	6	r_squared	0.3832770353490136
951	6	cosine_similarity	0.6136770503956481
952	6	r_squared	0.3888702448901346
953	6	cosine_similarity	0.6326560951128924
954	6	r_squared	0.45889191938752993
955	6	cosine_similarity	0.673863800547814
956	6	r_squared	0.35574196115437323
957	6	cosine_similarity	0.5874452847504783
958	6	r_squared	0.270588721431771
959	6	cosine_similarity	0.5454456378221838
960	6	r_squared	0.41542836938902966
961	6	cosine_similarity	0.6376460707765118
962	6	r_squared	0.24321563414678404
963	6	cosine_similarity	0.5444280485092343
964	6	r_squared	0.4139074755469659
965	6	cosine_similarity	0.6424323657676502
966	6	r_squared	0.3383011561702747
967	6	cosine_similarity	0.5976266907351093
968	6	r_squared	0.2392775669358798
969	6	cosine_similarity	0.5484964250140565
970	6	r_squared	0.25167624702853275
971	6	cosine_similarity	0.5102295010767771
972	6	r_squared	0.4148738241907194
973	6	cosine_similarity	0.6429007926844611
974	6	r_squared	0.3697453826026892
975	6	cosine_similarity	0.6074620641070916
976	6	r_squared	0.4176548364781936
977	6	cosine_similarity	0.654190688891923
978	6	r_squared	0.391463304269399
979	6	cosine_similarity	0.6354226712585976
980	6	r_squared	0.24057808135445866
981	6	cosine_similarity	0.5091682468013248
982	6	r_squared	0.3453039906292522
983	6	cosine_similarity	0.5987290504883929
984	6	r_squared	0.41016073742451187
985	6	cosine_similarity	0.6491825851733238
986	6	r_squared	0.39648926992309047
987	6	cosine_similarity	0.6187760628632089
988	6	r_squared	0.220458927771908
989	6	cosine_similarity	0.49795140536516175
990	6	r_squared	0.41061570689567467
991	6	cosine_similarity	0.6424732752422591
992	6	r_squared	0.2047576636840548
993	6	cosine_similarity	0.5060848264509569
994	6	r_squared	0.38399705119667904
995	6	cosine_similarity	0.6215963169119662
996	6	r_squared	0.2551167885069625
997	6	cosine_similarity	0.549094278169523
998	6	r_squared	0.21393097360381652
999	6	cosine_similarity	0.4995402447137308
1000	7	r_squared	0.4247083790052318
1001	7	cosine_similarity	0.6596205551231614
1002	7	r_squared	0.4357752635152979
1003	7	cosine_similarity	0.6528423255129048
1004	7	r_squared	0.23367128122368175
1005	7	cosine_similarity	0.5190060081010447
1006	7	r_squared	0.39672880571491864
1007	7	cosine_similarity	0.6413557631081943
1008	7	r_squared	0.21304478939362648
1009	7	cosine_similarity	0.5184546656326525
1010	7	r_squared	0.22567346652039177
1011	7	cosine_similarity	0.49023359493973406
1012	7	r_squared	0.3760084474097921
1013	7	cosine_similarity	0.6405633980741147
1014	7	r_squared	0.2676869611185741
1015	7	cosine_similarity	0.5484413539242401
1016	7	r_squared	0.07009708046450525
1017	7	cosine_similarity	0.4464108385859052
1018	7	r_squared	0.22755265785095316
1019	7	cosine_similarity	0.5044597607761934
1020	7	r_squared	0.25356641985851885
1021	7	cosine_similarity	0.5385409772810966
1022	7	r_squared	0.27052743834183085
1023	7	cosine_similarity	0.5373985317509637
1024	7	r_squared	0.40890297726461333
1025	7	cosine_similarity	0.6487760869856931
1026	7	r_squared	0.07622161696744317
1027	7	cosine_similarity	0.4946317614197651
1028	7	r_squared	0.36150786976135557
1029	7	cosine_similarity	0.5992692833052532
1030	7	r_squared	0.2154890248289158
1031	7	cosine_similarity	0.4953690411133816
1032	7	r_squared	0.38715553233704075
1033	7	cosine_similarity	0.6340030287036001
1034	7	r_squared	0.17420795286697302
1035	7	cosine_similarity	0.4674852587109713
1036	7	r_squared	0.3584895417626902
1037	7	cosine_similarity	0.6004405149052405
1038	7	r_squared	0.37260934465340495
1039	7	cosine_similarity	0.6123341911992485
1040	7	r_squared	0.18309548674523762
1041	7	cosine_similarity	0.5005460425057113
1042	7	r_squared	0.23037242069458122
1043	7	cosine_similarity	0.5258247749486102
1044	7	r_squared	0.3845775668009559
1045	7	cosine_similarity	0.6265241427069649
1046	7	r_squared	0.2542950902013005
1047	7	cosine_similarity	0.5418527605745129
1048	7	r_squared	0.17061088163897933
1049	7	cosine_similarity	0.5219461130510745
1050	7	r_squared	0.3247210003916414
1051	7	cosine_similarity	0.5703954905875582
1052	7	r_squared	0.46040994568466964
1053	7	cosine_similarity	0.6730207217221319
1054	7	r_squared	0.45870507231656915
1055	7	cosine_similarity	0.6710576960714622
1056	7	r_squared	0.45580595552649655
1057	7	cosine_similarity	0.6712011786131915
1058	7	r_squared	0.4222052373096107
1059	7	cosine_similarity	0.6297805210074602
1060	7	r_squared	0.4237877756598008
1061	7	cosine_similarity	0.6508973373660317
1062	7	r_squared	0.3623856583830949
1063	7	cosine_similarity	0.6294860290687093
1064	7	r_squared	0.4109629642416366
1065	7	cosine_similarity	0.6379958131014885
1066	7	r_squared	0.2557400035998855
1067	7	cosine_similarity	0.5429662690202577
1068	7	r_squared	0.20250613355395897
1069	7	cosine_similarity	0.5176385141488539
1070	7	r_squared	0.20374720846942015
1071	7	cosine_similarity	0.5216547939762513
1072	7	r_squared	0.44897490688598996
1073	7	cosine_similarity	0.6651099314732112
1074	7	r_squared	0.42881641159476536
1075	7	cosine_similarity	0.6613624201337811
1076	7	r_squared	0.26102215995073574
1077	7	cosine_similarity	0.5732818912802309
1078	7	r_squared	0.4048189637147662
1079	7	cosine_similarity	0.6288383530429954
1080	7	r_squared	0.4081198444230077
1081	7	cosine_similarity	0.6412895116749583
1082	7	r_squared	0.3843825956164968
1083	7	cosine_similarity	0.6417262118887677
1084	7	r_squared	0.22599873486899089
1085	7	cosine_similarity	0.5143955348441703
1086	7	r_squared	0.3804687278224521
1087	7	cosine_similarity	0.6206653564885196
1088	7	r_squared	0.3515238705149446
1089	7	cosine_similarity	0.5941611751348375
1090	7	r_squared	0.3658333991942511
1091	7	cosine_similarity	0.6180577473266637
1092	7	r_squared	0.434469444946866
1093	7	cosine_similarity	0.6627633076961594
1094	7	r_squared	0.42133739340458143
1095	7	cosine_similarity	0.6448118948007043
1096	7	r_squared	0.255684464389285
1097	7	cosine_similarity	0.5433630538516798
1098	7	r_squared	0.3699403375964858
1099	7	cosine_similarity	0.6243713960840527
1100	7	r_squared	0.27546516787565234
1101	7	cosine_similarity	0.5528447776878532
1102	7	r_squared	0.2727500384662201
1103	7	cosine_similarity	0.5312225426626037
1104	7	r_squared	0.4009387797253658
1105	7	cosine_similarity	0.6329288490287409
1106	7	r_squared	0.23685800516002717
1107	7	cosine_similarity	0.5273097981459656
1108	7	r_squared	0.2598162108351929
1109	7	cosine_similarity	0.5166205850369934
1110	7	r_squared	0.42338561027653987
1111	7	cosine_similarity	0.6526130980105861
1112	7	r_squared	0.40061206662901794
1113	7	cosine_similarity	0.6120575176494596
1114	7	r_squared	0.24952597729870027
1115	7	cosine_similarity	0.5310286042411968
1116	7	r_squared	0.2327031085669201
1117	7	cosine_similarity	0.5021016559101755
1118	7	r_squared	0.4254551377424899
1119	7	cosine_similarity	0.6509255507836027
1120	7	r_squared	0.36322622039028674
1121	7	cosine_similarity	0.5931864359991674
1122	7	r_squared	0.29004979360828176
1123	7	cosine_similarity	0.5570761071018427
1124	7	r_squared	0.4295075926219911
1125	7	cosine_similarity	0.6639106776323054
1126	7	r_squared	0.36287834421085763
1127	7	cosine_similarity	0.5917097137070031
1128	7	r_squared	0.43298232951238896
1129	7	cosine_similarity	0.6575072649421421
1130	7	r_squared	0.2755400521211778
1131	7	cosine_similarity	0.5560575863501911
1132	7	r_squared	0.24297770588510703
1133	7	cosine_similarity	0.529275126446616
1134	7	r_squared	0.3477342912758202
1135	7	cosine_similarity	0.6232190447066217
1136	7	r_squared	0.4150071487686259
1137	7	cosine_similarity	0.6549580211927861
1138	7	r_squared	0.38138791504897424
1139	7	cosine_similarity	0.6283011673436946
1140	7	r_squared	0.3924708973327847
1141	7	cosine_similarity	0.6132595040779718
1142	7	r_squared	0.19301153443288163
1143	7	cosine_similarity	0.531110593447201
1144	7	r_squared	0.3881504388429491
1145	7	cosine_similarity	0.6077435582010754
1146	7	r_squared	0.4013319772648619
1147	7	cosine_similarity	0.623908911504989
1148	7	r_squared	0.4079631537603794
1149	7	cosine_similarity	0.6377055079242562
1150	7	r_squared	0.39916916605121044
1151	7	cosine_similarity	0.6219972322968478
1152	7	r_squared	0.3846125062942018
1153	7	cosine_similarity	0.6321340502838543
1154	7	r_squared	0.4623476617472103
1155	7	cosine_similarity	0.6754060848257821
1156	7	r_squared	0.3718518068372514
1157	7	cosine_similarity	0.5985181394457668
1158	7	r_squared	0.2991958717320203
1159	7	cosine_similarity	0.5583681936339625
1160	7	r_squared	0.42450391753696093
1161	7	cosine_similarity	0.6440837273242548
1162	7	r_squared	0.270948912107325
1163	7	cosine_similarity	0.5487672549738595
1164	7	r_squared	0.4124233279519762
1165	7	cosine_similarity	0.643909258721415
1166	7	r_squared	0.3386082594720475
1167	7	cosine_similarity	0.598793677954433
1168	7	r_squared	0.246854353511882
1169	7	cosine_similarity	0.5517972016828331
1170	7	r_squared	0.24839432874705125
1171	7	cosine_similarity	0.5080706159151668
1172	7	r_squared	0.4160126913959188
1173	7	cosine_similarity	0.644781107606537
1174	7	r_squared	0.38584033941094303
1175	7	cosine_similarity	0.6156404589810067
1176	7	r_squared	0.3940830250806575
1177	7	cosine_similarity	0.6404155980944061
1178	7	r_squared	0.42079259634768884
1179	7	cosine_similarity	0.6513956420986874
1180	7	r_squared	0.2573956382669748
1181	7	cosine_similarity	0.5161659226918576
1182	7	r_squared	0.35609266982126453
1183	7	cosine_similarity	0.605932929307174
1184	7	r_squared	0.4164945753298075
1185	7	cosine_similarity	0.6539905777459126
1186	7	r_squared	0.4019312495877343
1187	7	cosine_similarity	0.6233873564496941
1188	7	r_squared	0.2304911128464118
1189	7	cosine_similarity	0.5031767427414614
1190	7	r_squared	0.40833906308372425
1191	7	cosine_similarity	0.6436140884343142
1192	7	r_squared	0.22332983105816112
1193	7	cosine_similarity	0.5129267710799534
1194	7	r_squared	0.3821302547257942
1195	7	cosine_similarity	0.6210560905977506
1196	7	r_squared	0.2575028470154017
1197	7	cosine_similarity	0.5470328710707426
1198	7	r_squared	0.2264596206009929
1199	7	cosine_similarity	0.505523462298653
1200	8	r_squared	0.44773466030611736
1201	8	cosine_similarity	0.6723926971054293
1202	8	r_squared	0.42771940314628815
1203	8	cosine_similarity	0.6497935985147811
1204	8	r_squared	0.2363166570999296
1205	8	cosine_similarity	0.5208370275705602
1206	8	r_squared	0.40414738895657976
1207	8	cosine_similarity	0.6456630354874711
1208	8	r_squared	0.22185229035043263
1209	8	cosine_similarity	0.5153551107978162
1210	8	r_squared	0.22753213644339468
1211	8	cosine_similarity	0.4934220512717576
1212	8	r_squared	0.42231896421527015
1213	8	cosine_similarity	0.6528244217361308
1214	8	r_squared	0.2733169648903891
1215	8	cosine_similarity	0.5541096162115448
1216	8	r_squared	0.13308018139031016
1217	8	cosine_similarity	0.44739980471446195
1218	8	r_squared	0.24226736139161117
1219	8	cosine_similarity	0.5135208857425206
1220	8	r_squared	0.25119959122678887
1221	8	cosine_similarity	0.5371733654501932
1222	8	r_squared	0.2699709474172845
1223	8	cosine_similarity	0.5408777446197632
1224	8	r_squared	0.41648249786493335
1225	8	cosine_similarity	0.651844740215851
1226	8	r_squared	0.10664892681634447
1227	8	cosine_similarity	0.5092093103836233
1228	8	r_squared	0.36289921156980814
1229	8	cosine_similarity	0.5960218659920277
1230	8	r_squared	0.21496410962555412
1231	8	cosine_similarity	0.49471839031463677
1232	8	r_squared	0.3972727110622985
1233	8	cosine_similarity	0.6385693267602621
1234	8	r_squared	0.1787357846753348
1235	8	cosine_similarity	0.4672494471521856
1236	8	r_squared	0.35933101980468135
1237	8	cosine_similarity	0.6003623545332918
1238	8	r_squared	0.3857258214848875
1239	8	cosine_similarity	0.6197985172797135
1240	8	r_squared	0.2069602600163068
1241	8	cosine_similarity	0.4994294430710043
1242	8	r_squared	0.24999130589431642
1243	8	cosine_similarity	0.5337105214079716
1244	8	r_squared	0.3918970687741653
1245	8	cosine_similarity	0.6298413205920202
1246	8	r_squared	0.26869326403461213
1247	8	cosine_similarity	0.5481050227465558
1248	8	r_squared	0.171446366026019
1249	8	cosine_similarity	0.5213298845589986
1250	8	r_squared	0.3318215598397469
1251	8	cosine_similarity	0.5728253667578767
1252	8	r_squared	0.4660637068021123
1253	8	cosine_similarity	0.6765078832798165
1254	8	r_squared	0.4636634579772854
1255	8	cosine_similarity	0.6766555293953468
1256	8	r_squared	0.45344387724431123
1257	8	cosine_similarity	0.6698688722409137
1258	8	r_squared	0.4254633287327127
1259	8	cosine_similarity	0.6325905651295892
1260	8	r_squared	0.42507758397209855
1261	8	cosine_similarity	0.6539105399754912
1262	8	r_squared	0.3648140713579212
1263	8	cosine_similarity	0.6297711795787283
1264	8	r_squared	0.4154653381802452
1265	8	cosine_similarity	0.6408433781616727
1266	8	r_squared	0.3030188864663869
1267	8	cosine_similarity	0.5632097600408437
1268	8	r_squared	0.23766784020425233
1269	8	cosine_similarity	0.5346687061213481
1270	8	r_squared	0.24191067776182854
1271	8	cosine_similarity	0.5324337344777709
1272	8	r_squared	0.45305956228010164
1273	8	cosine_similarity	0.668020129001069
1274	8	r_squared	0.4372039649171775
1275	8	cosine_similarity	0.6659573515406662
1276	8	r_squared	0.2795965995764768
1277	8	cosine_similarity	0.5767114672449094
1278	8	r_squared	0.4197525095660336
1279	8	cosine_similarity	0.6339644895146955
1280	8	r_squared	0.4136293224183619
1281	8	cosine_similarity	0.6463991496462204
1282	8	r_squared	0.4202273282447758
1283	8	cosine_similarity	0.6548760995410677
1284	8	r_squared	0.2404363299747495
1285	8	cosine_similarity	0.5158117765846997
1286	8	r_squared	0.39887508611784406
1287	8	cosine_similarity	0.6326960613503051
1288	8	r_squared	0.35732896116577934
1289	8	cosine_similarity	0.5977121183094769
1290	8	r_squared	0.37268215386694636
1291	8	cosine_similarity	0.621810725165401
1292	8	r_squared	0.46036930377832047
1293	8	cosine_similarity	0.6732458972580643
1294	8	r_squared	0.4213210269082149
1295	8	cosine_similarity	0.6436116447485732
1296	8	r_squared	0.28899702833548147
1297	8	cosine_similarity	0.55581796279396
1298	8	r_squared	0.38237849182979056
1299	8	cosine_similarity	0.629270906215734
1300	8	r_squared	0.29315272751422916
1301	8	cosine_similarity	0.5550205398363435
1302	8	r_squared	0.2646218109878678
1303	8	cosine_similarity	0.5293850517295943
1304	8	r_squared	0.4026921291376202
1305	8	cosine_similarity	0.6343157596758693
1306	8	r_squared	0.2424475890338278
1307	8	cosine_similarity	0.5303085133826125
1308	8	r_squared	0.2720450148878476
1309	8	cosine_similarity	0.5221501607452743
1310	8	r_squared	0.428134736936272
1311	8	cosine_similarity	0.6553492746914311
1312	8	r_squared	0.4069109440817445
1313	8	cosine_similarity	0.6178659923029021
1314	8	r_squared	0.2560226338683417
1315	8	cosine_similarity	0.5327695299228781
1316	8	r_squared	0.24353066310001628
1317	8	cosine_similarity	0.5088813538659663
1318	8	r_squared	0.42921638654070193
1319	8	cosine_similarity	0.6538941672876781
1320	8	r_squared	0.3639640743468564
1321	8	cosine_similarity	0.5952213226226175
1322	8	r_squared	0.2789625239153823
1323	8	cosine_similarity	0.5453635712567704
1324	8	r_squared	0.44520955965629105
1325	8	cosine_similarity	0.669543294082568
1326	8	r_squared	0.36324524138984493
1327	8	cosine_similarity	0.5919644380004058
1328	8	r_squared	0.43501288514752007
1329	8	cosine_similarity	0.659366891828808
1330	8	r_squared	0.3180255104733105
1331	8	cosine_similarity	0.5688308624225149
1332	8	r_squared	0.2566461067562397
1333	8	cosine_similarity	0.5331083056473725
1334	8	r_squared	0.34033286015556
1335	8	cosine_similarity	0.6202334780315698
1336	8	r_squared	0.4131974677808856
1337	8	cosine_similarity	0.656448258576193
1338	8	r_squared	0.3974963667050325
1339	8	cosine_similarity	0.6375753290813035
1340	8	r_squared	0.3995284402327926
1341	8	cosine_similarity	0.616811518339919
1342	8	r_squared	0.23401128922593153
1343	8	cosine_similarity	0.5433758518949474
1344	8	r_squared	0.3896492734721485
1345	8	cosine_similarity	0.6091945461138937
1346	8	r_squared	0.40258823728075543
1347	8	cosine_similarity	0.6253394717870843
1348	8	r_squared	0.41051185201160284
1349	8	cosine_similarity	0.64012652810311
1350	8	r_squared	0.40676235222290963
1351	8	cosine_similarity	0.6277225117290741
1352	8	r_squared	0.40191595895319626
1353	8	cosine_similarity	0.638345520210996
1354	8	r_squared	0.46615764439557356
1355	8	cosine_similarity	0.6740516604951451
1356	8	r_squared	0.37428363848239043
1357	8	cosine_similarity	0.5999956261708902
1358	8	r_squared	0.29815556155622835
1359	8	cosine_similarity	0.5619440604442457
1360	8	r_squared	0.41759453782326733
1361	8	cosine_similarity	0.6396793223709338
1362	8	r_squared	0.30469184443321273
1363	8	cosine_similarity	0.5596342207679144
1364	8	r_squared	0.41046707993215403
1365	8	cosine_similarity	0.6410775316722425
1366	8	r_squared	0.34121175829691436
1367	8	cosine_similarity	0.600458271760892
1368	8	r_squared	0.26354261071834995
1369	8	cosine_similarity	0.5582902445980691
1370	8	r_squared	0.26035290436068503
1371	8	cosine_similarity	0.5128659453882961
1372	8	r_squared	0.41990382226354744
1373	8	cosine_similarity	0.6465675913655734
1374	8	r_squared	0.3899620746571863
1375	8	cosine_similarity	0.6155791362943833
1376	8	r_squared	0.4021104333811546
1377	8	cosine_similarity	0.6454462783486253
1378	8	r_squared	0.4335084477083598
1379	8	cosine_similarity	0.6567693799613455
1380	8	r_squared	0.24972684082085195
1381	8	cosine_similarity	0.5148767797190124
1382	8	r_squared	0.3584022350866354
1383	8	cosine_similarity	0.6068170930706236
1384	8	r_squared	0.41811282216343876
1385	8	cosine_similarity	0.6550552086190325
1386	8	r_squared	0.40738558604745867
1387	8	cosine_similarity	0.6288630645325851
1388	8	r_squared	0.22927804377455174
1389	8	cosine_similarity	0.502226044274669
1390	8	r_squared	0.4162882009345852
1391	8	cosine_similarity	0.649911925542962
1392	8	r_squared	0.25983198968071164
1393	8	cosine_similarity	0.5282105822287072
1394	8	r_squared	0.38220569921177044
1395	8	cosine_similarity	0.6210882034519456
1396	8	r_squared	0.3021734625401501
1397	8	cosine_similarity	0.5627523388154644
1398	8	r_squared	0.22996196026045881
1399	8	cosine_similarity	0.5044023734024708
1400	9	r_squared	0.45420176231444537
1401	9	cosine_similarity	0.6746623851897579
1402	9	r_squared	0.4370647347093242
1403	9	cosine_similarity	0.6563592221611895
1404	9	r_squared	0.2339924734989595
1405	9	cosine_similarity	0.518439506182182
1406	9	r_squared	0.4120509729891709
1407	9	cosine_similarity	0.6484034287316065
1408	9	r_squared	0.23504323721798936
1409	9	cosine_similarity	0.5176150675294546
1410	9	r_squared	0.23166574771860315
1411	9	cosine_similarity	0.49601129756700096
1412	9	r_squared	0.43291370276783814
1413	9	cosine_similarity	0.657192127067624
1414	9	r_squared	0.3015712111466638
1415	9	cosine_similarity	0.5653648633867695
1416	9	r_squared	0.10271891526462264
1417	9	cosine_similarity	0.4414322330148579
1418	9	r_squared	0.24922558059592545
1419	9	cosine_similarity	0.5159342810104174
1420	9	r_squared	0.2637259966218091
1421	9	cosine_similarity	0.5447608952408078
1422	9	r_squared	0.28558003207821653
1423	9	cosine_similarity	0.5474139144912087
1424	9	r_squared	0.41874226829751326
1425	9	cosine_similarity	0.6527354640139428
1426	9	r_squared	0.15165229330469782
1427	9	cosine_similarity	0.5177355329208954
1428	9	r_squared	0.36816083778667774
1429	9	cosine_similarity	0.6030094527718077
1430	9	r_squared	0.21701169329792272
1431	9	cosine_similarity	0.5000567462828056
1432	9	r_squared	0.40462844937849496
1433	9	cosine_similarity	0.6429493415439129
1434	9	r_squared	0.19922175608241174
1435	9	cosine_similarity	0.47465555153006395
1436	9	r_squared	0.36158013347705853
1437	9	cosine_similarity	0.6014004386433399
1438	9	r_squared	0.3837812308495006
1439	9	cosine_similarity	0.6191752970213857
1440	9	r_squared	0.2122771280675297
1441	9	cosine_similarity	0.5014677938319514
1442	9	r_squared	0.2663419544190105
1443	9	cosine_similarity	0.538621847257083
1444	9	r_squared	0.39486390402910565
1445	9	cosine_similarity	0.6320839490203194
1446	9	r_squared	0.27539958049118163
1447	9	cosine_similarity	0.5518796021716614
1448	9	r_squared	0.1966638964449118
1449	9	cosine_similarity	0.529441976762251
1450	9	r_squared	0.3351020564280436
1451	9	cosine_similarity	0.5743474995205893
1452	9	r_squared	0.47157194045787976
1453	9	cosine_similarity	0.680217945387795
1454	9	r_squared	0.46481607679696757
1455	9	cosine_similarity	0.6771955829188895
1456	9	r_squared	0.4600316309962258
1457	9	cosine_similarity	0.6726564234804556
1458	9	r_squared	0.4293129696093396
1459	9	cosine_similarity	0.6353625742105814
1460	9	r_squared	0.4338280758335266
1461	9	cosine_similarity	0.6596607290387614
1462	9	r_squared	0.3724046927940308
1463	9	cosine_similarity	0.631328152972242
1464	9	r_squared	0.4292220390448747
1465	9	cosine_similarity	0.6484939461504003
1466	9	r_squared	0.3135235087821413
1467	9	cosine_similarity	0.569184694791963
1468	9	r_squared	0.23612120825084215
1469	9	cosine_similarity	0.5335026854596987
1470	9	r_squared	0.24131137601786673
1471	9	cosine_similarity	0.5379263622558248
1472	9	r_squared	0.45520281664831114
1473	9	cosine_similarity	0.6682503371493235
1474	9	r_squared	0.43689290847634893
1475	9	cosine_similarity	0.6646460081123595
1476	9	r_squared	0.29324036786683566
1477	9	cosine_similarity	0.5814624474776375
1478	9	r_squared	0.42338202493772403
1479	9	cosine_similarity	0.6381981022985574
1480	9	r_squared	0.41539269152528935
1481	9	cosine_similarity	0.6474952040620783
1482	9	r_squared	0.44213976864046567
1483	9	cosine_similarity	0.6653370692021904
1484	9	r_squared	0.23521772984576442
1485	9	cosine_similarity	0.5134964861111352
1486	9	r_squared	0.4097203900698234
1487	9	cosine_similarity	0.6384746542201113
1488	9	r_squared	0.3578875737925753
1489	9	cosine_similarity	0.5986505481847111
1490	9	r_squared	0.3809317728533895
1491	9	cosine_similarity	0.6276630564809946
1492	9	r_squared	0.46823879064537394
1493	9	cosine_similarity	0.6763651309532199
1494	9	r_squared	0.4277454421980359
1495	9	cosine_similarity	0.6466976054011118
1496	9	r_squared	0.30054411499103373
1497	9	cosine_similarity	0.5599455533005556
1498	9	r_squared	0.3853196392805625
1499	9	cosine_similarity	0.63068130734734
1500	9	r_squared	0.3016067700832724
1501	9	cosine_similarity	0.5586330004897255
1502	9	r_squared	0.2722405939965352
1503	9	cosine_similarity	0.5365594653811185
1504	9	r_squared	0.40276480893445565
1505	9	cosine_similarity	0.6332446423110653
1506	9	r_squared	0.2760356309514413
1507	9	cosine_similarity	0.5388352300906072
1508	9	r_squared	0.2644419716647602
1509	9	cosine_similarity	0.5207648269051474
1510	9	r_squared	0.4349700566638954
1511	9	cosine_similarity	0.6603356880898725
1512	9	r_squared	0.4109445217654202
1513	9	cosine_similarity	0.6211047176399965
1514	9	r_squared	0.25969576267811917
1515	9	cosine_similarity	0.5346548774809198
1516	9	r_squared	0.245259213516164
1517	9	cosine_similarity	0.5134456959830873
1518	9	r_squared	0.42807662750534947
1519	9	cosine_similarity	0.6532714740937858
1520	9	r_squared	0.3753067609115686
1521	9	cosine_similarity	0.603800312618998
1522	9	r_squared	0.2768791203099197
1523	9	cosine_similarity	0.5597078925441216
1524	9	r_squared	0.4479295124167877
1525	9	cosine_similarity	0.6705366268145103
1526	9	r_squared	0.36153437846899283
1527	9	cosine_similarity	0.5927044241438302
1528	9	r_squared	0.4392240571459956
1529	9	cosine_similarity	0.6615537362519012
1530	9	r_squared	0.3180525781003123
1531	9	cosine_similarity	0.5703568245768399
1532	9	r_squared	0.2834143398916972
1533	9	cosine_similarity	0.5473160617193734
1534	9	r_squared	0.362902696213612
1535	9	cosine_similarity	0.6280411380917461
1536	9	r_squared	0.41438427390587046
1537	9	cosine_similarity	0.657513797313136
1538	9	r_squared	0.3935144377656879
1539	9	cosine_similarity	0.6340255022464489
1540	9	r_squared	0.40427101687717665
1541	9	cosine_similarity	0.6213146963377879
1542	9	r_squared	0.25223464480236163
1543	9	cosine_similarity	0.5502139226340249
1544	9	r_squared	0.39859935285466064
1545	9	cosine_similarity	0.6176829370813665
1546	9	r_squared	0.4072587371105943
1547	9	cosine_similarity	0.6272209074562259
1548	9	r_squared	0.4156917756704581
1549	9	cosine_similarity	0.6425149360392789
1550	9	r_squared	0.40881631786457373
1551	9	cosine_similarity	0.6307404397729641
1552	9	r_squared	0.4117489592434971
1553	9	cosine_similarity	0.6466525834904565
1554	9	r_squared	0.471308285715897
1555	9	cosine_similarity	0.6785689989684203
1556	9	r_squared	0.36520312662950416
1557	9	cosine_similarity	0.5979969147999815
1558	9	r_squared	0.29901973943840393
1559	9	cosine_similarity	0.5640636803406704
1560	9	r_squared	0.42580861282430926
1561	9	cosine_similarity	0.6448801549604263
1562	9	r_squared	0.31181280021907126
1563	9	cosine_similarity	0.5637671554578486
1564	9	r_squared	0.41796673332165674
1565	9	cosine_similarity	0.6455755055680913
1566	9	r_squared	0.3453470317261019
1567	9	cosine_similarity	0.6021199858909996
1568	9	r_squared	0.29291742618781624
1569	9	cosine_similarity	0.5694015420625999
1570	9	r_squared	0.25402974600563955
1571	9	cosine_similarity	0.5111050218882449
1572	9	r_squared	0.4233382920399807
1573	9	cosine_similarity	0.6492910740789858
1574	9	r_squared	0.3922599289457635
1575	9	cosine_similarity	0.6168287959964054
1576	9	r_squared	0.410400006879731
1577	9	cosine_similarity	0.6483795497453726
1578	9	r_squared	0.43356393221576317
1579	9	cosine_similarity	0.6564886424392908
1580	9	r_squared	0.2656625951670858
1581	9	cosine_similarity	0.5238554320118365
1582	9	r_squared	0.3550280568424196
1583	9	cosine_similarity	0.6062836415478654
1584	9	r_squared	0.43443656228444755
1585	9	cosine_similarity	0.6634261482973847
1586	9	r_squared	0.40865140155192947
1587	9	cosine_similarity	0.6297065139246597
1588	9	r_squared	0.2369704963216771
1589	9	cosine_similarity	0.5047770026551851
1590	9	r_squared	0.4193539111735403
1591	9	cosine_similarity	0.6501831630921395
1592	9	r_squared	0.25208517787492996
1593	9	cosine_similarity	0.5217306772274493
1594	9	r_squared	0.3843957838932547
1595	9	cosine_similarity	0.6219767465274365
1596	9	r_squared	0.32048274314459324
1597	9	cosine_similarity	0.5741591246163754
1598	9	r_squared	0.2367638984864959
1599	9	cosine_similarity	0.5073456716892737
1600	10	r_squared	0.4481006554302885
1601	10	cosine_similarity	0.6719504839560871
1602	10	r_squared	0.44973258867352695
1603	10	cosine_similarity	0.6650513821451995
1604	10	r_squared	0.236346584632042
1605	10	cosine_similarity	0.5195019329281539
1606	10	r_squared	0.41076576567807055
1607	10	cosine_similarity	0.6482079882309049
1608	10	r_squared	0.24239606877813044
1609	10	cosine_similarity	0.521192304709071
1610	10	r_squared	0.23312500438840342
1611	10	cosine_similarity	0.49563537347529407
1612	10	r_squared	0.44484877706236425
1613	10	cosine_similarity	0.6643353718773413
1614	10	r_squared	0.32693885973030345
1615	10	cosine_similarity	0.5758636685562294
1616	10	r_squared	0.09944239544993008
1617	10	cosine_similarity	0.4446017546050286
1618	10	r_squared	0.23912905086331382
1619	10	cosine_similarity	0.5096696188053713
1620	10	r_squared	0.2709917111494661
1621	10	cosine_similarity	0.5490102049493154
1622	10	r_squared	0.29536716853164546
1623	10	cosine_similarity	0.5566619893738038
1624	10	r_squared	0.41292017479448767
1625	10	cosine_similarity	0.6480363714553401
1626	10	r_squared	0.1770624801721425
1627	10	cosine_similarity	0.5188470245306195
1628	10	r_squared	0.36943451648132075
1629	10	cosine_similarity	0.6042728518387755
1630	10	r_squared	0.21584355541203123
1631	10	cosine_similarity	0.49881055308972183
1632	10	r_squared	0.4112953369159709
1633	10	cosine_similarity	0.6469866491300174
1634	10	r_squared	0.2081050153115948
1635	10	cosine_similarity	0.48312983278615795
1636	10	r_squared	0.3635107723004818
1637	10	cosine_similarity	0.6014955339837075
1638	10	r_squared	0.3934229080730003
1639	10	cosine_similarity	0.6257643481007871
1640	10	r_squared	0.21622281024636753
1641	10	cosine_similarity	0.5038513789137674
1642	10	r_squared	0.2723770725276633
1643	10	cosine_similarity	0.5416540653916186
1644	10	r_squared	0.395900938765233
1645	10	cosine_similarity	0.6325367887085035
1646	10	r_squared	0.280753813069991
1647	10	cosine_similarity	0.5534982208962613
1648	10	r_squared	0.2285088302826127
1649	10	cosine_similarity	0.5365484208795188
1650	10	r_squared	0.3437561896988772
1651	10	cosine_similarity	0.5797949077566188
1652	10	r_squared	0.472947662429146
1653	10	cosine_similarity	0.6802674438060087
1654	10	r_squared	0.4677767834246127
1655	10	cosine_similarity	0.67864560643072
1656	10	r_squared	0.462702662664098
1657	10	cosine_similarity	0.6757879806030482
1658	10	r_squared	0.4336083993175016
1659	10	cosine_similarity	0.6378181849685425
1660	10	r_squared	0.433757274122092
1661	10	cosine_similarity	0.660224485288579
1662	10	r_squared	0.3920485845447004
1663	10	cosine_similarity	0.642439463575443
1664	10	r_squared	0.43748370452086377
1665	10	cosine_similarity	0.6549856596113672
1666	10	r_squared	0.31317532941252224
1667	10	cosine_similarity	0.5689910309531367
1668	10	r_squared	0.20358200326497722
1669	10	cosine_similarity	0.5237455345317654
1670	10	r_squared	0.2568482171180067
1671	10	cosine_similarity	0.5384022248706963
1672	10	r_squared	0.4604091000953999
1673	10	cosine_similarity	0.6720269280165214
1674	10	r_squared	0.43679498836024533
1675	10	cosine_similarity	0.6646726577138626
1676	10	r_squared	0.30793155020344437
1677	10	cosine_similarity	0.5914638922450309
1678	10	r_squared	0.4203827686506658
1679	10	cosine_similarity	0.6381373957187938
1680	10	r_squared	0.417482541313204
1681	10	cosine_similarity	0.6481517426025063
1682	10	r_squared	0.4445108684322455
1683	10	cosine_similarity	0.6666416319429902
1684	10	r_squared	0.24921833436741517
1685	10	cosine_similarity	0.5197515002201603
1686	10	r_squared	0.41836402356797886
1687	10	cosine_similarity	0.6439790186758466
1688	10	r_squared	0.36615572548250824
1689	10	cosine_similarity	0.604746965130827
1690	10	r_squared	0.3785397434151575
1691	10	cosine_similarity	0.6258193032459078
1692	10	r_squared	0.47750627832269404
1693	10	cosine_similarity	0.6812029541475096
1694	10	r_squared	0.4292036864403129
1695	10	cosine_similarity	0.6480717601609346
1696	10	r_squared	0.3033019917036772
1697	10	cosine_similarity	0.5621396788877598
1698	10	r_squared	0.39353328712003705
1699	10	cosine_similarity	0.6368627940114596
1700	10	r_squared	0.30791653817367576
1701	10	cosine_similarity	0.5640186482546925
1702	10	r_squared	0.2765616137402897
1703	10	cosine_similarity	0.5384572237387357
1704	10	r_squared	0.40505695288292937
1705	10	cosine_similarity	0.6352698818131235
1706	10	r_squared	0.2797893613323416
1707	10	cosine_similarity	0.5420328124388889
1708	10	r_squared	0.25798491202024193
1709	10	cosine_similarity	0.5174974619891048
1710	10	r_squared	0.4387683368549252
1711	10	cosine_similarity	0.6629267444600542
1712	10	r_squared	0.4117411912245154
1713	10	cosine_similarity	0.6209184380036709
1714	10	r_squared	0.25084771383112736
1715	10	cosine_similarity	0.5329494217923159
1716	10	r_squared	0.253717830954431
1717	10	cosine_similarity	0.5099279349021671
1718	10	r_squared	0.4262442127477923
1719	10	cosine_similarity	0.6511429862257602
1720	10	r_squared	0.3722272428338505
1721	10	cosine_similarity	0.6031257325415805
1722	10	r_squared	0.2747012882396769
1723	10	cosine_similarity	0.554571112331092
1724	10	r_squared	0.4471905146288279
1725	10	cosine_similarity	0.6711831152724285
1726	10	r_squared	0.3690971582504983
1727	10	cosine_similarity	0.5989116350152889
1728	10	r_squared	0.44262906526095086
1729	10	cosine_similarity	0.6632413198774922
1730	10	r_squared	0.323451979652434
1731	10	cosine_similarity	0.5729730319549636
1732	10	r_squared	0.2975369299180593
1733	10	cosine_similarity	0.5536973125296456
1734	10	r_squared	0.38573404318103544
1735	10	cosine_similarity	0.6366690538680806
1736	10	r_squared	0.41404418961364153
1737	10	cosine_similarity	0.6563143255498233
1738	10	r_squared	0.3943561693916035
1739	10	cosine_similarity	0.6341118251917467
1740	10	r_squared	0.41163963359788014
1741	10	cosine_similarity	0.6274876823817848
1742	10	r_squared	0.2583715670678434
1743	10	cosine_similarity	0.5535199228569319
1744	10	r_squared	0.40085079051377126
1745	10	cosine_similarity	0.6188466396113659
1746	10	r_squared	0.4046941921882451
1747	10	cosine_similarity	0.6258897935081054
1748	10	r_squared	0.41596016364899707
1749	10	cosine_similarity	0.6443993081956062
1750	10	r_squared	0.41117540955922594
1751	10	cosine_similarity	0.631899082088516
1752	10	r_squared	0.41667597429018205
1753	10	cosine_similarity	0.6475322794048644
1754	10	r_squared	0.47897818904822853
1755	10	cosine_similarity	0.6848431216621679
1756	10	r_squared	0.36244393828843224
1757	10	cosine_similarity	0.597166283957858
1758	10	r_squared	0.29786114468358504
1759	10	cosine_similarity	0.5625177980821066
1760	10	r_squared	0.44140931291824925
1761	10	cosine_similarity	0.65731887290851
1762	10	r_squared	0.31494311339070435
1763	10	cosine_similarity	0.5662189275793662
1764	10	r_squared	0.41321272320147734
1765	10	cosine_similarity	0.6441223631303239
1766	10	r_squared	0.3511084057624546
1767	10	cosine_similarity	0.6080956115458851
1768	10	r_squared	0.31627494370190906
1769	10	cosine_similarity	0.5796611363503402
1770	10	r_squared	0.26369746529212357
1771	10	cosine_similarity	0.5161437970171739
1772	10	r_squared	0.42751603049129067
1773	10	cosine_similarity	0.6520810249286559
1774	10	r_squared	0.3953713927341093
1775	10	cosine_similarity	0.6195166048679408
1776	10	r_squared	0.4071504722243023
1777	10	cosine_similarity	0.6473097414130776
1778	10	r_squared	0.43958404860255684
1779	10	cosine_similarity	0.6589560646324288
1780	10	r_squared	0.2760675799530594
1781	10	cosine_similarity	0.5312191682666881
1782	10	r_squared	0.3557796754535747
1783	10	cosine_similarity	0.6067138536458342
1784	10	r_squared	0.43314157922441665
1785	10	cosine_similarity	0.6623227494910956
1786	10	r_squared	0.40837878626376056
1787	10	cosine_similarity	0.6294983210319034
1788	10	r_squared	0.23889596824489454
1789	10	cosine_similarity	0.507957153994856
1790	10	r_squared	0.41789268101402166
1791	10	cosine_similarity	0.6486441640191141
1792	10	r_squared	0.27891362787458973
1793	10	cosine_similarity	0.5289948956899809
1794	10	r_squared	0.3892086842595137
1795	10	cosine_similarity	0.6263737794477504
1796	10	r_squared	0.3133072790243049
1797	10	cosine_similarity	0.5682572063342815
1798	10	r_squared	0.22924398304408097
1799	10	cosine_similarity	0.5100658281040285
