h3_cell,1991,1993,1994,1995,1997,1998,1999,2000,2001,2002,2003,2004,2005,2006,2007,2008,2009,2010,2011,2012,2013,2014,2015,2016,2017,2018,2019,2020,2021,2022,2023
82bb27fffffffff,0.0,0.0,0.0,0.0,0.0,0.0,0.0,0.0,0.0,0.0,0.0,0.0,0.0,34.0,0.0,0.0,0.0,34.0,0.0,0.0,0.0,0.0,0.0,0.0,0.0,0.0,0.0,0.0,0.0,0.0,0.0
82bb2ffffffffff,0.0,0.0,0.0,0.0,0.0,0.0,0.0,0.0,0.0,0.0,0.0,0.0,0.0,18.0,0.0,22.0,0.0,26.0,0.0,0.0,0.0,0.0,0.0,0.0,0.0,0.0,0.0,0.0,0.0,0.0,0.0
82bf4ffffffffff,0.0,0.0,0.0,0.0,0.0,0.0,0.0,0.0,0.0,0.0,0.0,0.0,0.0,0.0,0.0,0.0,0.0,0.0,0.0,2.0,0.0,0.0,0.0,0.0,0.0,0.0,0.0,0.0,0.0,0.0,0.0
82bf67fffffffff,0.0,0.0,0.0,0.0,0.0,0.0,0.0,0.0,0.0,0.0,18.0,0.0,0.0,0.0,0.0,0.0,0.0,0.0,0.0,0.0,0.0,0.0,0.0,0.0,0.0,0.0,0.0,0.0,0.0,0.0,0.0
82bf6ffffffffff,0.0,0.0,0.0,0.0,0.0,0.0,0.0,0.0,0.0,0.0,0.0,0.0,0.0,0.0,0.0,37.0,0.0,18.0,15.0,40.0,0.0,0.0,0.0,0.0,0.0,2.0,0.0,0.0,0.0,0.0,0.0
82c807fffffffff,0.0,0.0,0.0,0.0,0.0,0.0,0.0,0.0,0.0,0.0,0.0,0.0,0.0,0.0,0.0,29.0,0.0,0.0,16.0,0.0,0.0,0.0,0.0,0.0,0.0,0.0,0.0,0.0,0.0,0.0,0.0
82c80ffffffffff,0.0,0.0,0.0,0.0,0.0,0.0,0.0,0.0,0.0,0.0,0.0,0.0,0.0,0.0,0.0,26.0,0.0,0.0,0.0,0.0,0.0,0.0,0.0,0.0,0.0,0.0,0.0,0.0,0.0,0.0,0.0
82c82ffffffffff,0.0,0.0,0.0,0.0,0.0,0.0,0.0,0.0,0.0,0.0,0.0,0.0,0.0,0.0,0.0,0.0,0.0,0.0,35.0,0.0,0.0,0.0,3.0,0.0,0.0,0.0,0.0,2.0,0.0,0.0,0.0
82c847fffffffff,0.0,0.0,0.0,0.0,0.0,0.0,0.0,0.0,0.0,0.0,26.0,0.0,28.0,0.0,0.0,0.0,10.0,0.0,0.0,0.0,0.0,0.0,0.0,0.0,0.0,0.0,0.0,0.0,0.0,0.0,0.0
82c84ffffffffff,0.0,0.0,0.0,0.0,0.0,0.0,0.0,0.0,0.0,0.0,0.0,0.0,0.0,0.0,0.0,0.0,26.0,0.0,0.0,0.0,0.0,0.0,0.0,0.0,0.0,0.0,0.0,0.0,0.0,0.0,0.0
82c867fffffffff,0.0,0.0,0.0,0.0,0.0,0.0,0.0,0.0,0.0,0.0,0.0,0.0,18.0,0.0,0.0,25.0,0.0,0.0,0.0,35.0,0.0,0.0,0.0,0.0,0.0,0.0,0.0,0.0,0.0,0.0,0.0
82c86ffffffffff,0.0,0.0,0.0,0.0,0.0,0.0,0.0,0.0,0.0,0.0,36.0,0.0,65.0,13.0,0.0,33.0,15.0,0.0,0.0,0.0,0.0,0.0,0.0,0.0,0.0,0.0,0.0,0.0,0.0,0.0,0.0
82c877fffffffff,0.0,0.0,0.0,0.0,0.0,0.0,0.0,0.0,0.0,0.0,0.0,0.0,2.0,0.0,0.0,37.0,0.0,0.0,0.0,14.0,0.0,0.0,0.0,0.0,0.0,0.0,0.0,0.0,0.0,0.0,0.0
82c907fffffffff,0.0,0.0,0.0,0.0,0.0,0.0,0.0,0.0,0.0,0.0,0.0,0.0,0.0,0.0,0.0,4.0,0.0,0.0,0.0,0.0,0.0,0.0,0.0,0.0,0.0,0.0,0.0,0.0,0.0,0.0,0.0
82c927fffffffff,0.0,0.0,0.0,0.0,0.0,0.0,0.0,0.0,0.0,0.0,0.0,0.0,0.0,0.0,0.0,28.0,0.0,0.0,0.0,0.0,0.0,0.0,0.0,0.0,0.0,0.0,0.0,0.0,0.0,0.0,0.0
82c947fffffffff,0.0,0.0,0.0,0.0,0.0,0.0,0.0,20.0,15.0,14.0,0.0,22.0,50.0,19.0,0.0,0.0,29.0,40.0,29.0,40.0,20.0,40.0,52.0,40.0,20.0,19.0,40.0,20.0,0.0,0.0,20.0
82c94ffffffffff,0.0,0.0,0.0,0.0,0.0,0.0,0.0,9.0,7.0,6.0,0.0,9.0,18.0,10.0,0.0,0.0,17.0,16.0,2.0,16.0,8.0,16.0,37.0,17.0,8.0,9.0,17.0,9.0,0.0,0.0,8.0
82c957fffffffff,0.0,0.0,0.0,0.0,0.0,0.0,0.0,0.0,0.0,0.0,0.0,0.0,12.0,0.0,0.0,0.0,0.0,0.0,8.0,0.0,0.0,0.0,0.0,0.0,0.0,0.0,0.0,0.0,0.0,0.0,0.0
82c95ffffffffff,0.0,0.0,0.0,0.0,0.0,0.0,0.0,0.0,0.0,0.0,0.0,8.0,0.0,19.0,21.0,0.0,8.0,36.0,23.0,38.0,20.0,36.0,66.0,30.0,11.0,18.0,36.0,28.0,0.0,0.0,19.0
82c967fffffffff,0.0,0.0,0.0,0.0,0.0,0.0,0.0,0.0,0.0,27.0,30.0,0.0,30.0,0.0,0.0,0.0,0.0,0.0,0.0,0.0,0.0,0.0,0.0,0.0,0.0,0.0,0.0,0.0,0.0,0.0,0.0
82c96ffffffffff,0.0,0.0,0.0,0.0,0.0,0.0,16.0,32.0,33.0,58.0,37.0,34.0,80.0,33.0,0.0,0.0,68.0,68.0,57.0,68.0,43.0,67.0,98.0,67.0,53.0,51.0,67.0,32.0,0.0,0.0,34.0
82c977fffffffff,0.0,0.0,0.0,0.0,0.0,0.0,0.0,0.0,0.0,4.0,0.0,0.0,0.0,0.0,0.0,0.0,0.0,0.0,0.0,0.0,0.0,0.0,0.0,0.0,0.0,0.0,0.0,0.0,0.0,0.0,0.0
82cc27fffffffff,0.0,0.0,0.0,0.0,0.0,0.0,0.0,0.0,0.0,0.0,23.0,0.0,0.0,0.0,0.0,0.0,0.0,0.0,0.0,0.0,0.0,0.0,0.0,0.0,0.0,0.0,0.0,0.0,0.0,0.0,0.0
82cd07fffffffff,0.0,0.0,0.0,0.0,0.0,0.0,0.0,0.0,0.0,0.0,0.0,30.0,0.0,0.0,0.0,0.0,0.0,0.0,0.0,0.0,0.0,0.0,0.0,0.0,0.0,0.0,0.0,0.0,0.0,0.0,0.0
82cd0ffffffffff,0.0,0.0,0.0,0.0,0.0,0.0,0.0,0.0,0.0,0.0,0.0,9.0,0.0,36.0,0.0,0.0,0.0,0.0,0.0,0.0,0.0,0.0,0.0,0.0,0.0,0.0,0.0,0.0,0.0,0.0,0.0
82cd17fffffffff,0.0,0.0,0.0,0.0,0.0,0.0,0.0,0.0,0.0,0.0,0.0,10.0,0.0,27.0,0.0,0.0,0.0,0.0,0.0,0.0,0.0,0.0,0.0,0.0,0.0,0.0,0.0,0.0,0.0,0.0,0.0
82cd1ffffffffff,0.0,0.0,0.0,0.0,0.0,0.0,0.0,0.0,0.0,0.0,31.0,4.0,0.0,29.0,0.0,0.0,0.0,0.0,0.0,0.0,0.0,0.0,0.0,0.0,0.0,0.0,0.0,0.0,0.0,0.0,0.0
82cd27fffffffff,0.0,0.0,0.0,0.0,0.0,0.0,39.0,0.0,0.0,0.0,28.0,0.0,32.0,0.0,0.0,25.0,0.0,0.0,0.0,0.0,0.0,0.0,0.0,0.0,0.0,0.0,0.0,0.0,0.0,0.0,0.0
82cd2ffffffffff,0.0,0.0,0.0,0.0,0.0,0.0,0.0,0.0,0.0,0.0,0.0,32.0,0.0,12.0,0.0,0.0,0.0,0.0,0.0,0.0,0.0,0.0,0.0,0.0,0.0,0.0,0.0,0.0,0.0,0.0,0.0
82cd37fffffffff,0.0,0.0,0.0,0.0,0.0,0.0,9.0,0.0,0.0,0.0,0.0,0.0,0.0,0.0,0.0,0.0,11.0,0.0,0.0,0.0,0.0,0.0,0.0,0.0,0.0,0.0,0.0,0.0,0.0,0.0,0.0
82cd47fffffffff,0.0,0.0,0.0,0.0,0.0,0.0,0.0,0.0,0.0,0.0,28.0,0.0,0.0,0.0,0.0,0.0,0.0,0.0,0.0,0.0,0.0,0.0,0.0,0.0,0.0,0.0,0.0,0.0,0.0,0.0,0.0
82cd4ffffffffff,0.0,0.0,0.0,0.0,0.0,0.0,0.0,0.0,0.0,0.0,3.0,0.0,0.0,0.0,0.0,0.0,0.0,0.0,0.0,0.0,0.0,0.0,0.0,0.0,0.0,0.0,0.0,0.0,0.0,0.0,0.0
82cd57fffffffff,0.0,0.0,0.0,0.0,0.0,0.0,0.0,0.0,0.0,0.0,35.0,0.0,0.0,0.0,0.0,0.0,0.0,0.0,0.0,0.0,0.0,0.0,0.0,0.0,0.0,0.0,0.0,0.0,0.0,0.0,0.0
82cd77fffffffff,0.0,0.0,0.0,0.0,0.0,0.0,0.0,0.0,0.0,0.0,0.0,0.0,0.0,10.0,0.0,0.0,0.0,0.0,0.0,0.0,0.0,0.0,0.0,0.0,0.0,0.0,0.0,0.0,0.0,0.0,0.0
82cda7fffffffff,0.0,0.0,0.0,0.0,0.0,0.0,0.0,0.0,0.0,0.0,0.0,0.0,0.0,2.0,0.0,0.0,0.0,0.0,0.0,0.0,0.0,0.0,0.0,0.0,0.0,0.0,0.0,0.0,0.0,0.0,0.0
82cdaffffffffff,0.0,0.0,0.0,0.0,0.0,0.0,0.0,0.0,0.0,0.0,7.0,0.0,0.0,0.0,0.0,0.0,0.0,0.0,0.0,0.0,0.0,0.0,0.0,0.0,0.0,0.0,0.0,0.0,0.0,0.0,0.0
82cf27fffffffff,0.0,0.0,0.0,0.0,0.0,0.0,0.0,27.0,0.0,0.0,0.0,0.0,0.0,0.0,0.0,0.0,0.0,0.0,0.0,0.0,0.0,0.0,0.0,0.0,0.0,0.0,0.0,0.0,0.0,0.0,0.0
82d007fffffffff,0.0,0.0,0.0,0.0,0.0,0.0,0.0,0.0,0.0,0.0,0.0,36.0,0.0,0.0,0.0,0.0,0.0,0.0,0.0,0.0,0.0,0.0,0.0,0.0,0.0,0.0,0.0,0.0,0.0,0.0,0.0
82d01ffffffffff,0.0,0.0,0.0,0.0,0.0,0.0,0.0,0.0,0.0,0.0,0.0,32.0,0.0,0.0,0.0,0.0,0.0,0.0,0.0,0.0,0.0,0.0,0.0,0.0,0.0,0.0,0.0,0.0,0.0,0.0,0.0
82d037fffffffff,0.0,0.0,0.0,0.0,0.0,0.0,0.0,0.0,0.0,0.0,0.0,0.0,0.0,0.0,16.0,0.0,0.0,0.0,0.0,0.0,0.0,0.0,0.0,0.0,0.0,0.0,0.0,0.0,0.0,0.0,0.0
82d047fffffffff,0.0,0.0,0.0,0.0,0.0,0.0,0.0,0.0,0.0,0.0,0.0,0.0,26.0,31.0,32.0,0.0,10.0,0.0,0.0,0.0,0.0,0.0,0.0,0.0,0.0,0.0,0.0,0.0,0.0,0.0,0.0
82d04ffffffffff,0.0,0.0,0.0,0.0,0.0,0.0,11.0,0.0,0.0,0.0,0.0,0.0,0.0,0.0,0.0,0.0,29.0,0.0,0.0,0.0,0.0,0.0,0.0,0.0,0.0,0.0,0.0,0.0,0.0,0.0,0.0
82d05ffffffffff,0.0,0.0,0.0,0.0,0.0,0.0,0.0,0.0,0.0,0.0,0.0,0.0,32.0,32.0,31.0,0.0,0.0,0.0,0.0,0.0,0.0,0.0,0.0,0.0,0.0,0.0,0.0,0.0,0.0,0.0,0.0
82d067fffffffff,0.0,0.0,0.0,0.0,0.0,0.0,0.0,0.0,0.0,0.0,0.0,0.0,0.0,0.0,14.0,0.0,0.0,0.0,0.0,0.0,0.0,0.0,0.0,0.0,0.0,0.0,0.0,0.0,0.0,0.0,0.0
82d08ffffffffff,0.0,0.0,0.0,0.0,0.0,0.0,0.0,0.0,0.0,0.0,0.0,31.0,0.0,0.0,0.0,0.0,0.0,0.0,0.0,0.0,0.0,0.0,0.0,0.0,0.0,0.0,0.0,0.0,0.0,0.0,0.0
82d097fffffffff,0.0,0.0,0.0,0.0,0.0,0.0,0.0,0.0,0.0,0.0,0.0,25.0,0.0,0.0,26.0,0.0,0.0,0.0,0.0,0.0,0.0,0.0,0.0,0.0,0.0,0.0,0.0,0.0,0.0,0.0,0.0
82d09ffffffffff,0.0,0.0,0.0,0.0,0.0,0.0,0.0,0.0,0.0,0.0,0.0,26.0,0.0,0.0,0.0,0.0,0.0,0.0,0.0,0.0,0.0,0.0,0.0,0.0,0.0,0.0,0.0,0.0,0.0,0.0,0.0
82d0a7fffffffff,0.0,0.0,0.0,0.0,0.0,0.0,0.0,0.0,0.0,0.0,0.0,0.0,0.0,0.0,25.0,0.0,0.0,0.0,0.0,0.0,0.0,0.0,0.0,0.0,0.0,0.0,0.0,0.0,0.0,0.0,0.0
82d0affffffffff,0.0,0.0,0.0,0.0,0.0,0.0,0.0,0.0,0.0,0.0,0.0,27.0,0.0,0.0,0.0,0.0,0.0,0.0,0.0,0.0,0.0,0.0,0.0,0.0,0.0,0.0,0.0,0.0,0.0,0.0,0.0
82d0b7fffffffff,0.0,0.0,0.0,0.0,0.0,0.0,0.0,0.0,0.0,0.0,0.0,38.0,0.0,0.0,38.0,0.0,0.0,0.0,0.0,0.0,0.0,0.0,0.0,0.0,0.0,0.0,0.0,0.0,0.0,0.0,0.0
82d187fffffffff,0.0,0.0,0.0,0.0,0.0,0.0,0.0,0.0,0.0,0.0,0.0,9.0,0.0,0.0,0.0,23.0,0.0,0.0,0.0,0.0,0.0,0.0,0.0,0.0,0.0,0.0,0.0,0.0,0.0,0.0,0.0
82d18ffffffffff,0.0,0.0,0.0,0.0,0.0,0.0,0.0,0.0,0.0,0.0,0.0,11.0,0.0,0.0,33.0,0.0,0.0,0.0,0.0,0.0,0.0,0.0,0.0,0.0,0.0,0.0,0.0,0.0,0.0,0.0,0.0
82d197fffffffff,0.0,0.0,0.0,0.0,0.0,0.0,0.0,0.0,0.0,0.0,0.0,0.0,0.0,0.0,0.0,5.0,0.0,0.0,0.0,0.0,0.0,0.0,0.0,0.0,0.0,0.0,0.0,0.0,0.0,0.0,0.0
82d19ffffffffff,0.0,0.0,0.0,0.0,0.0,0.0,0.0,0.0,0.0,0.0,0.0,35.0,0.0,0.0,0.0,0.0,0.0,0.0,0.0,0.0,0.0,0.0,0.0,0.0,0.0,0.0,0.0,0.0,0.0,0.0,0.0
82d54ffffffffff,0.0,0.0,0.0,0.0,0.0,0.0,0.0,0.0,0.0,0.0,0.0,0.0,0.0,0.0,0.0,0.0,0.0,11.0,0.0,0.0,0.0,0.0,0.0,0.0,0.0,0.0,0.0,0.0,0.0,0.0,0.0
82d567fffffffff,0.0,0.0,0.0,0.0,0.0,0.0,0.0,0.0,0.0,0.0,0.0,0.0,0.0,0.0,0.0,0.0,0.0,33.0,0.0,0.0,0.0,0.0,0.0,0.0,0.0,0.0,0.0,0.0,0.0,0.0,0.0
82d56ffffffffff,0.0,0.0,0.0,0.0,0.0,0.0,0.0,0.0,0.0,0.0,0.0,0.0,0.0,23.0,0.0,0.0,0.0,29.0,0.0,0.0,0.0,0.0,0.0,0.0,0.0,0.0,0.0,0.0,0.0,0.0,0.0
82d727fffffffff,0.0,0.0,0.0,0.0,0.0,0.0,0.0,0.0,0.0,0.0,0.0,0.0,0.0,0.0,0.0,0.0,32.0,0.0,0.0,0.0,0.0,0.0,0.0,0.0,0.0,0.0,0.0,0.0,0.0,0.0,0.0
82d72ffffffffff,0.0,0.0,0.0,0.0,0.0,0.0,0.0,0.0,0.0,0.0,0.0,0.0,0.0,0.0,0.0,0.0,32.0,0.0,0.0,0.0,0.0,0.0,0.0,0.0,0.0,0.0,0.0,0.0,0.0,0.0,0.0
82d747fffffffff,0.0,0.0,0.0,0.0,0.0,0.0,0.0,0.0,0.0,0.0,0.0,0.0,12.0,5.0,5.0,0.0,30.0,0.0,0.0,0.0,0.0,0.0,0.0,0.0,0.0,0.0,0.0,0.0,0.0,0.0,0.0
82d74ffffffffff,0.0,0.0,0.0,0.0,0.0,0.0,25.0,0.0,0.0,0.0,0.0,0.0,0.0,0.0,0.0,0.0,31.0,0.0,0.0,0.0,0.0,0.0,0.0,0.0,0.0,0.0,0.0,0.0,0.0,0.0,0.0
82d767fffffffff,0.0,0.0,0.0,0.0,0.0,0.0,33.0,0.0,0.0,0.0,0.0,0.0,18.0,28.0,27.0,0.0,0.0,0.0,0.0,0.0,0.0,0.0,0.0,0.0,0.0,0.0,0.0,0.0,0.0,0.0,0.0
82d76ffffffffff,0.0,0.0,0.0,0.0,0.0,0.0,25.0,0.0,0.0,0.0,0.0,0.0,26.0,28.0,29.0,0.0,0.0,0.0,0.0,0.0,0.0,0.0,0.0,0.0,0.0,0.0,0.0,0.0,0.0,0.0,0.0
82d777fffffffff,0.0,0.0,0.0,0.0,0.0,0.0,0.0,0.0,0.0,0.0,0.0,0.0,7.0,0.0,0.0,0.0,30.0,0.0,0.0,0.0,0.0,0.0,0.0,0.0,0.0,0.0,0.0,0.0,0.0,0.0,0.0
82d807fffffffff,0.0,0.0,0.0,0.0,0.0,0.0,0.0,18.0,59.0,1.0,1.0,33.0,24.0,0.0,5.0,56.0,0.0,67.0,40.0,88.0,62.0,66.0,38.0,98.0,0.0,91.0,0.0,0.0,20.0,0.0,0.0
82d80ffffffffff,0.0,0.0,0.0,0.0,0.0,24.0,0.0,26.0,43.0,127.0,72.0,34.0,24.0,38.0,32.0,34.0,34.0,68.0,31.0,0.0,0.0,63.0,68.0,0.0,33.0,16.0,34.0,0.0,0.0,0.0,0.0
82d817fffffffff,0.0,0.0,0.0,0.0,0.0,0.0,0.0,0.0,80.0,100.0,3.0,28.0,2.0,3.0,27.0,50.0,14.0,84.0,94.0,78.0,61.0,37.0,41.0,93.0,0.0,100.0,13.0,0.0,21.0,0.0,0.0
82d81ffffffffff,0.0,0.0,0.0,0.0,0.0,0.0,0.0,3.0,4.0,75.0,32.0,18.0,0.0,0.0,35.0,23.0,28.0,68.0,16.0,0.0,0.0,47.0,58.0,0.0,35.0,27.0,30.0,0.0,0.0,0.0,0.0
82d827fffffffff,0.0,0.0,0.0,0.0,63.0,0.0,0.0,54.0,39.0,0.0,0.0,34.0,11.0,0.0,68.0,20.0,32.0,0.0,24.0,81.0,13.0,25.0,30.0,49.0,73.0,54.0,34.0,9.0,13.0,0.0,30.0
82d82ffffffffff,0.0,0.0,0.0,0.0,0.0,0.0,0.0,1.0,26.0,0.0,0.0,33.0,20.0,0.0,0.0,44.0,0.0,68.0,34.0,85.0,85.0,60.0,31.0,75.0,0.0,65.0,0.0,0.0,21.0,0.0,0.0
82d837fffffffff,0.0,0.0,0.0,0.0,22.0,0.0,11.0,49.0,23.0,116.0,0.0,25.0,57.0,68.0,69.0,7.0,19.0,0.0,31.0,108.0,8.0,3.0,15.0,14.0,93.0,29.0,35.0,30.0,13.0,0.0,32.0
82d847fffffffff,0.0,0.0,0.0,0.0,0.0,0.0,0.0,0.0,0.0,53.0,43.0,13.0,5.0,65.0,0.0,0.0,0.0,0.0,13.0,0.0,0.0,0.0,0.0,0.0,22.0,0.0,20.0,0.0,0.0,0.0,0.0
82d84ffffffffff,0.0,0.0,0.0,0.0,0.0,0.0,0.0,0.0,0.0,8.0,12.0,0.0,29.0,0.0,0.0,0.0,0.0,0.0,17.0,0.0,0.0,0.0,0.0,0.0,0.0,0.0,0.0,0.0,0.0,0.0,0.0
82d857fffffffff,0.0,0.0,0.0,0.0,0.0,0.0,0.0,0.0,0.0,35.0,15.0,0.0,0.0,44.0,0.0,27.0,0.0,0.0,5.0,0.0,0.0,0.0,0.0,0.0,3.0,0.0,0.0,0.0,0.0,0.0,0.0
82d85ffffffffff,0.0,0.0,0.0,0.0,0.0,0.0,0.0,0.0,0.0,0.0,0.0,0.0,0.0,0.0,0.0,33.0,0.0,0.0,26.0,0.0,0.0,0.0,0.0,0.0,0.0,0.0,0.0,0.0,0.0,0.0,0.0
82d867fffffffff,0.0,0.0,0.0,0.0,0.0,70.0,0.0,35.0,47.0,66.0,73.0,17.0,25.0,0.0,67.0,12.0,36.0,94.0,35.0,0.0,0.0,59.0,63.0,6.0,7.0,0.0,10.0,0.0,0.0,0.0,0.0
82d86ffffffffff,0.0,0.0,0.0,0.0,0.0,2.0,1.0,0.0,3.0,105.0,16.0,25.0,16.0,37.0,7.0,0.0,0.0,4.0,33.0,0.0,0.0,0.0,3.0,0.0,34.0,0.0,31.0,0.0,0.0,0.0,0.0
82d877fffffffff,0.0,0.0,0.0,0.0,0.0,66.0,0.0,34.0,32.0,85.0,62.0,30.0,33.0,16.0,49.0,70.0,35.0,70.0,35.0,0.0,0.0,64.0,69.0,0.0,24.0,0.0,28.0,0.0,0.0,0.0,0.0
82d887fffffffff,0.0,0.0,0.0,0.0,0.0,0.0,0.0,0.0,0.0,0.0,0.0,0.0,0.0,0.0,0.0,0.0,0.0,0.0,27.0,0.0,0.0,0.0,0.0,0.0,0.0,0.0,0.0,0.0,0.0,0.0,0.0
82d8a7fffffffff,0.0,0.0,0.0,0.0,0.0,0.0,11.0,10.0,33.0,18.0,5.0,7.0,25.0,18.0,1.0,12.0,0.0,52.0,104.0,84.0,57.0,6.0,0.0,2.0,7.0,29.0,11.0,8.0,11.0,0.0,0.0
82d8affffffffff,0.0,0.0,0.0,0.0,0.0,0.0,0.0,0.0,0.0,0.0,0.0,0.0,0.0,0.0,0.0,0.0,0.0,26.0,32.0,0.0,0.0,0.0,11.0,0.0,7.0,0.0,0.0,0.0,0.0,0.0,0.0
82d8b7fffffffff,0.0,0.0,0.0,0.0,0.0,0.0,0.0,0.0,0.0,0.0,0.0,0.0,0.0,0.0,0.0,0.0,0.0,18.0,52.0,54.0,21.0,0.0,0.0,0.0,0.0,0.0,0.0,0.0,0.0,0.0,0.0
82d8e7fffffffff,0.0,0.0,0.0,0.0,0.0,0.0,0.0,0.0,0.0,0.0,0.0,0.0,0.0,11.0,0.0,0.0,0.0,0.0,31.0,0.0,0.0,0.0,0.0,0.0,0.0,0.0,0.0,0.0,0.0,0.0,0.0
82d8effffffffff,0.0,0.0,0.0,0.0,0.0,0.0,0.0,0.0,0.0,0.0,0.0,0.0,0.0,0.0,0.0,0.0,0.0,0.0,20.0,0.0,0.0,0.0,0.0,0.0,0.0,0.0,0.0,0.0,0.0,0.0,0.0
82d8f7fffffffff,0.0,0.0,0.0,0.0,0.0,0.0,0.0,0.0,0.0,0.0,0.0,0.0,0.0,0.0,0.0,0.0,0.0,0.0,27.0,0.0,0.0,0.0,0.0,0.0,0.0,0.0,0.0,0.0,0.0,0.0,0.0
82d907fffffffff,0.0,0.0,0.0,13.0,23.0,0.0,36.0,0.0,35.0,0.0,5.0,35.0,46.0,34.0,37.0,92.0,0.0,0.0,1.0,12.0,34.0,0.0,0.0,0.0,0.0,0.0,28.0,0.0,0.0,0.0,0.0
82d90ffffffffff,0.0,0.0,0.0,7.0,0.0,0.0,0.0,0.0,7.0,50.0,0.0,0.0,35.0,34.0,35.0,0.0,39.0,0.0,53.0,22.0,0.0,0.0,0.0,22.0,22.0,23.0,0.0,31.0,0.0,0.0,21.0
82d917fffffffff,0.0,0.0,0.0,0.0,0.0,0.0,0.0,0.0,0.0,0.0,0.0,0.0,0.0,32.0,0.0,56.0,0.0,0.0,0.0,36.0,35.0,0.0,0.0,0.0,0.0,0.0,30.0,0.0,0.0,0.0,0.0
82d91ffffffffff,0.0,0.0,0.0,29.0,26.0,0.0,33.0,40.0,17.0,104.0,18.0,15.0,76.0,31.0,44.0,29.0,32.0,0.0,2.0,31.0,0.0,0.0,0.0,36.0,64.0,35.0,0.0,15.0,0.0,0.0,0.0
82d927fffffffff,0.0,0.0,0.0,0.0,0.0,33.0,52.0,24.0,0.0,3.0,0.0,2.0,0.0,0.0,24.0,39.0,0.0,0.0,25.0,35.0,73.0,0.0,0.0,0.0,0.0,0.0,30.0,0.0,0.0,0.0,0.0
82d92ffffffffff,0.0,0.0,0.0,36.0,44.0,25.0,31.0,31.0,76.0,75.0,0.0,25.0,56.0,34.0,0.0,56.0,0.0,0.0,24.0,34.0,68.0,0.0,0.0,34.0,0.0,24.0,0.0,0.0,0.0,0.0,0.0
82d937fffffffff,0.0,0.0,0.0,0.0,0.0,6.0,30.0,55.0,55.0,24.0,24.0,60.0,56.0,6.0,21.0,21.0,24.0,9.0,39.0,12.0,52.0,0.0,0.0,21.0,21.0,0.0,0.0,0.0,0.0,0.0,0.0
82d947fffffffff,0.0,0.0,0.0,0.0,71.0,0.0,0.0,58.0,68.0,0.0,0.0,34.0,38.0,0.0,76.0,61.0,56.0,0.0,0.0,126.0,34.0,90.0,64.0,73.0,62.0,91.0,0.0,0.0,6.0,0.0,0.0
82d94ffffffffff,0.0,0.0,0.0,0.0,4.0,33.0,0.0,34.0,0.0,0.0,0.0,9.0,0.0,0.0,0.0,38.0,0.0,64.0,36.0,40.0,49.0,26.0,26.0,67.0,27.0,72.0,0.0,0.0,34.0,0.0,0.0
82d957fffffffff,0.0,0.0,0.0,0.0,66.0,0.0,0.0,73.0,64.0,0.0,0.0,31.0,17.0,0.0,78.0,68.0,28.0,0.0,0.0,94.0,24.0,52.0,44.0,68.0,84.0,76.0,24.0,0.0,13.0,0.0,2.0
82d95ffffffffff,0.0,0.0,0.0,0.0,0.0,31.0,0.0,0.0,7.0,0.0,0.0,27.0,7.0,0.0,12.0,62.0,0.0,71.0,38.0,71.0,75.0,46.0,19.0,64.0,0.0,62.0,0.0,0.0,24.0,0.0,0.0
82d967fffffffff,0.0,0.0,0.0,0.0,35.0,22.0,13.0,19.0,0.0,0.0,0.0,29.0,14.0,15.0,53.0,0.0,3.0,0.0,36.0,0.0,71.0,26.0,0.0,0.0,25.0,53.0,36.0,36.0,0.0,0.0,31.0
82d96ffffffffff,0.0,0.0,0.0,0.0,54.0,0.0,0.0,22.0,44.0,0.0,0.0,54.0,64.0,0.0,51.0,73.0,39.0,19.0,4.0,123.0,41.0,66.0,73.0,91.0,34.0,26.0,0.0,0.0,4.0,0.0,0.0
82d977fffffffff,0.0,0.0,0.0,0.0,2.0,0.0,0.0,0.0,0.0,0.0,0.0,17.0,30.0,38.0,50.0,37.0,37.0,0.0,36.0,0.0,0.0,0.0,0.0,0.0,35.0,14.0,31.0,35.0,0.0,0.0,38.0
82d987fffffffff,0.0,0.0,0.0,0.0,0.0,0.0,0.0,0.0,0.0,0.0,0.0,0.0,0.0,25.0,0.0,61.0,0.0,0.0,21.0,23.0,37.0,0.0,0.0,0.0,39.0,0.0,54.0,0.0,0.0,0.0,0.0
82d98ffffffffff,0.0,0.0,0.0,0.0,0.0,0.0,34.0,34.0,18.0,50.0,37.0,18.0,56.0,50.0,117.0,1.0,23.0,6.0,0.0,98.0,7.0,0.0,0.0,20.0,95.0,33.0,28.0,25.0,18.0,0.0,0.0
82d997fffffffff,0.0,0.0,0.0,0.0,0.0,0.0,0.0,18.0,8.0,30.0,40.0,0.0,32.0,0.0,35.0,0.0,39.0,0.0,0.0,0.0,0.0,0.0,0.0,0.0,0.0,64.0,10.0,0.0,0.0,0.0,0.0
82d99ffffffffff,0.0,0.0,0.0,0.0,0.0,0.0,0.0,0.0,1.0,0.0,0.0,0.0,0.0,0.0,10.0,62.0,0.0,28.0,27.0,92.0,24.0,0.0,0.0,0.0,14.0,14.0,14.0,0.0,2.0,0.0,0.0
82d9a7fffffffff,0.0,0.0,0.0,0.0,0.0,0.0,0.0,32.0,33.0,33.0,0.0,0.0,32.0,47.0,31.0,16.0,32.0,32.0,31.0,0.0,52.0,22.0,0.0,32.0,31.0,0.0,0.0,32.0,0.0,0.0,0.0
82d9affffffffff,0.0,0.0,0.0,0.0,0.0,0.0,11.0,12.0,36.0,30.0,11.0,0.0,4.0,0.0,26.0,95.0,27.0,0.0,0.0,25.0,4.0,0.0,0.0,24.0,36.0,28.0,28.0,0.0,0.0,0.0,0.0
82d9b7fffffffff,0.0,0.0,0.0,0.0,0.0,0.0,0.0,24.0,23.0,28.0,1.0,0.0,25.0,0.0,26.0,28.0,25.0,3.0,2.0,0.0,23.0,23.0,0.0,13.0,13.0,53.0,0.0,14.0,0.0,0.0,0.0
82da07fffffffff,0.0,0.0,0.0,0.0,0.0,0.0,0.0,0.0,0.0,0.0,0.0,0.0,0.0,0.0,0.0,0.0,0.0,0.0,0.0,0.0,0.0,0.0,0.0,0.0,1.0,0.0,0.0,0.0,0.0,0.0,26.0
82da0ffffffffff,0.0,0.0,0.0,0.0,0.0,0.0,0.0,0.0,0.0,0.0,0.0,0.0,0.0,0.0,0.0,0.0,0.0,0.0,0.0,0.0,35.0,0.0,0.0,0.0,0.0,0.0,0.0,0.0,0.0,0.0,0.0
82da17fffffffff,0.0,0.0,0.0,0.0,0.0,0.0,0.0,0.0,0.0,0.0,0.0,0.0,0.0,0.0,0.0,29.0,0.0,50.0,51.0,11.0,53.0,0.0,19.0,37.0,40.0,25.0,31.0,18.0,0.0,18.0,12.0
82da1ffffffffff,0.0,0.0,0.0,0.0,0.0,0.0,0.0,0.0,0.0,0.0,0.0,0.0,0.0,0.0,0.0,0.0,0.0,0.0,0.0,0.0,37.0,0.0,0.0,0.0,0.0,0.0,0.0,0.0,0.0,0.0,0.0
82da27fffffffff,0.0,0.0,0.0,0.0,0.0,0.0,0.0,0.0,0.0,0.0,0.0,0.0,0.0,0.0,0.0,15.0,0.0,22.0,0.0,19.0,19.0,0.0,20.0,36.0,27.0,25.0,32.0,0.0,0.0,57.0,34.0
82da37fffffffff,0.0,0.0,0.0,0.0,0.0,0.0,0.0,0.0,0.0,0.0,0.0,0.0,0.0,0.0,0.0,64.0,10.0,68.0,68.0,6.0,60.0,5.0,36.0,20.0,30.0,0.0,58.0,0.0,23.0,52.0,0.0
82da47fffffffff,0.0,0.0,0.0,0.0,7.0,0.0,42.0,8.0,45.0,0.0,0.0,0.0,0.0,0.0,0.0,0.0,0.0,0.0,0.0,0.0,38.0,0.0,0.0,0.0,0.0,0.0,0.0,0.0,0.0,0.0,0.0
82da4ffffffffff,0.0,0.0,0.0,0.0,0.0,0.0,0.0,32.0,57.0,31.0,28.0,19.0,42.0,36.0,35.0,14.0,31.0,33.0,32.0,0.0,46.0,39.0,0.0,32.0,33.0,0.0,5.0,14.0,0.0,0.0,0.0
82da67fffffffff,0.0,0.0,0.0,0.0,25.0,21.0,42.0,0.0,0.0,0.0,0.0,0.0,0.0,0.0,0.0,0.0,0.0,0.0,0.0,0.0,24.0,0.0,0.0,0.0,0.0,0.0,0.0,0.0,0.0,0.0,0.0
82da6ffffffffff,0.0,0.0,0.0,0.0,0.0,26.0,52.0,21.0,0.0,0.0,0.0,8.0,0.0,14.0,0.0,0.0,0.0,15.0,0.0,0.0,41.0,19.0,0.0,0.0,0.0,0.0,0.0,0.0,0.0,0.0,0.0
82da77fffffffff,0.0,0.0,0.0,0.0,0.0,0.0,23.0,0.0,0.0,0.0,0.0,0.0,0.0,0.0,0.0,0.0,0.0,0.0,0.0,0.0,36.0,0.0,0.0,0.0,0.0,0.0,0.0,0.0,0.0,0.0,0.0
82da87fffffffff,0.0,0.0,0.0,0.0,0.0,0.0,0.0,0.0,0.0,0.0,0.0,0.0,0.0,0.0,0.0,16.0,0.0,24.0,32.0,2.0,8.0,19.0,17.0,23.0,11.0,4.0,26.0,0.0,0.0,0.0,0.0
82daa7fffffffff,0.0,0.0,0.0,0.0,0.0,0.0,0.0,0.0,0.0,0.0,0.0,0.0,0.0,0.0,0.0,32.0,0.0,67.0,63.0,24.0,33.0,29.0,36.0,14.0,52.0,17.0,71.0,14.0,0.0,0.0,0.0
82daaffffffffff,0.0,0.0,0.0,0.0,0.0,0.0,0.0,0.0,0.0,0.0,0.0,0.0,0.0,0.0,0.0,0.0,0.0,0.0,0.0,0.0,27.0,0.0,0.0,7.0,0.0,3.0,0.0,0.0,0.0,0.0,0.0
82dab7fffffffff,0.0,0.0,0.0,0.0,0.0,0.0,0.0,0.0,0.0,0.0,0.0,0.0,0.0,0.0,0.0,33.0,0.0,0.0,0.0,0.0,0.0,0.0,0.0,0.0,0.0,0.0,0.0,0.0,0.0,0.0,0.0
82dacffffffffff,0.0,0.0,0.0,0.0,0.0,0.0,0.0,0.0,0.0,0.0,0.0,0.0,0.0,0.0,0.0,0.0,0.0,0.0,0.0,0.0,0.0,0.0,0.0,0.0,0.0,8.0,0.0,0.0,0.0,0.0,0.0
82daeffffffffff,0.0,0.0,0.0,0.0,0.0,0.0,0.0,0.0,0.0,0.0,0.0,0.0,0.0,0.0,0.0,0.0,0.0,0.0,0.0,0.0,0.0,0.0,0.0,0.0,0.0,18.0,0.0,0.0,0.0,0.0,0.0
82db07fffffffff,0.0,0.0,0.0,0.0,0.0,0.0,0.0,0.0,0.0,0.0,0.0,0.0,0.0,0.0,0.0,0.0,9.0,0.0,0.0,0.0,0.0,17.0,0.0,0.0,0.0,0.0,0.0,0.0,0.0,0.0,0.0
82db0ffffffffff,0.0,0.0,0.0,0.0,0.0,0.0,0.0,0.0,0.0,0.0,0.0,0.0,0.0,0.0,0.0,60.0,34.0,66.0,64.0,31.0,64.0,27.0,41.0,0.0,31.0,0.0,44.0,0.0,49.0,19.0,16.0
82db1ffffffffff,0.0,0.0,0.0,0.0,0.0,0.0,0.0,0.0,0.0,0.0,0.0,0.0,0.0,0.0,0.0,22.0,53.0,19.0,47.0,0.0,21.0,52.0,0.0,3.0,0.0,0.0,13.0,0.0,26.0,0.0,0.0
82db2ffffffffff,0.0,0.0,0.0,0.0,0.0,0.0,0.0,0.0,0.0,0.0,0.0,0.0,0.0,0.0,0.0,40.0,60.0,50.0,25.0,28.0,23.0,59.0,21.0,0.0,20.0,0.0,25.0,0.0,52.0,0.0,0.0
82db37fffffffff,0.0,0.0,0.0,0.0,0.0,0.0,0.0,0.0,0.0,0.0,0.0,0.0,0.0,25.0,0.0,0.0,0.0,0.0,0.0,0.0,0.0,0.0,0.0,0.0,0.0,0.0,0.0,0.0,0.0,0.0,0.0
82db47fffffffff,0.0,0.0,0.0,0.0,0.0,0.0,0.0,0.0,0.0,0.0,0.0,0.0,0.0,21.0,0.0,0.0,0.0,0.0,0.0,0.0,0.0,0.0,0.0,0.0,0.0,0.0,0.0,0.0,0.0,0.0,0.0
82db4ffffffffff,0.0,0.0,0.0,0.0,0.0,0.0,20.0,0.0,0.0,0.0,0.0,0.0,0.0,0.0,0.0,0.0,0.0,0.0,0.0,0.0,0.0,0.0,0.0,0.0,0.0,0.0,0.0,0.0,0.0,0.0,0.0
82db57fffffffff,0.0,0.0,0.0,0.0,0.0,0.0,0.0,0.0,0.0,0.0,0.0,0.0,0.0,0.0,0.0,0.0,0.0,0.0,0.0,0.0,0.0,0.0,0.0,20.0,0.0,26.0,8.0,0.0,0.0,0.0,3.0
82db67fffffffff,0.0,0.0,0.0,0.0,0.0,0.0,0.0,0.0,0.0,0.0,0.0,0.0,0.0,0.0,0.0,21.0,0.0,0.0,0.0,0.0,0.0,0.0,0.0,21.0,0.0,27.0,19.0,0.0,0.0,0.0,0.0
82db6ffffffffff,0.0,0.0,0.0,0.0,0.0,0.0,0.0,0.0,0.0,0.0,0.0,0.0,0.0,32.0,0.0,0.0,0.0,0.0,0.0,0.0,0.0,0.0,0.0,0.0,0.0,0.0,0.0,0.0,0.0,0.0,0.0
82db77fffffffff,0.0,0.0,0.0,0.0,0.0,0.0,0.0,0.0,0.0,0.0,0.0,0.0,0.0,0.0,0.0,33.0,0.0,0.0,24.0,0.0,1.0,0.0,0.0,32.0,21.0,25.0,35.0,13.0,0.0,34.0,31.0
82db87fffffffff,0.0,0.0,0.0,0.0,0.0,0.0,0.0,0.0,0.0,0.0,0.0,0.0,0.0,26.0,0.0,0.0,0.0,0.0,0.0,0.0,0.0,0.0,0.0,0.0,0.0,0.0,0.0,0.0,0.0,0.0,0.0
82db8ffffffffff,0.0,0.0,0.0,0.0,0.0,0.0,0.0,0.0,0.0,0.0,0.0,0.0,0.0,0.0,0.0,43.0,0.0,0.0,0.0,0.0,4.0,0.0,0.0,0.0,27.0,0.0,15.0,0.0,0.0,0.0,0.0
82db97fffffffff,0.0,0.0,0.0,0.0,0.0,0.0,0.0,0.0,0.0,0.0,0.0,0.0,0.0,23.0,0.0,0.0,0.0,32.0,0.0,0.0,0.0,0.0,0.0,0.0,0.0,0.0,0.0,0.0,0.0,0.0,0.0
82db9ffffffffff,0.0,0.0,0.0,0.0,0.0,0.0,0.0,0.0,0.0,0.0,0.0,0.0,0.0,2.0,0.0,24.0,0.0,0.0,0.0,0.0,0.0,0.0,0.0,0.0,0.0,0.0,0.0,0.0,0.0,0.0,0.0
82dba7fffffffff,0.0,0.0,0.0,0.0,0.0,0.0,0.0,0.0,0.0,0.0,0.0,0.0,0.0,38.0,0.0,0.0,0.0,15.0,0.0,0.0,0.0,0.0,0.0,0.0,0.0,0.0,0.0,0.0,0.0,0.0,0.0
82dbb7fffffffff,0.0,0.0,0.0,0.0,0.0,0.0,0.0,0.0,0.0,0.0,0.0,0.0,0.0,0.0,0.0,0.0,0.0,26.0,0.0,0.0,0.0,0.0,0.0,0.0,0.0,0.0,0.0,0.0,0.0,0.0,0.0
82dcb7fffffffff,0.0,0.0,0.0,0.0,0.0,0.0,0.0,0.0,0.0,0.0,0.0,0.0,0.0,0.0,3.0,0.0,0.0,0.0,0.0,0.0,0.0,0.0,0.0,0.0,0.0,0.0,0.0,0.0,0.0,0.0,0.0
82dd17fffffffff,0.0,0.0,0.0,0.0,0.0,0.0,0.0,0.0,0.0,0.0,0.0,2.0,0.0,0.0,0.0,0.0,0.0,0.0,0.0,0.0,0.0,0.0,0.0,0.0,0.0,0.0,0.0,0.0,0.0,0.0,0.0
82dd37fffffffff,0.0,0.0,0.0,0.0,0.0,0.0,0.0,0.0,0.0,0.0,0.0,1.0,0.0,0.0,0.0,0.0,0.0,0.0,0.0,0.0,0.0,0.0,0.0,0.0,0.0,0.0,0.0,0.0,0.0,0.0,0.0
82dd87fffffffff,0.0,0.0,0.0,0.0,0.0,0.0,0.0,0.0,0.0,0.0,0.0,35.0,0.0,0.0,32.0,0.0,0.0,0.0,0.0,0.0,0.0,0.0,0.0,0.0,0.0,0.0,0.0,0.0,0.0,0.0,0.0
82dd97fffffffff,0.0,0.0,0.0,0.0,0.0,0.0,0.0,0.0,0.0,0.0,0.0,0.0,0.0,0.0,2.0,0.0,0.0,0.0,0.0,0.0,0.0,0.0,0.0,0.0,0.0,0.0,0.0,0.0,0.0,0.0,0.0
82dd9ffffffffff,0.0,0.0,0.0,0.0,0.0,0.0,0.0,0.0,0.0,0.0,0.0,20.0,0.0,0.0,26.0,0.0,0.0,0.0,0.0,0.0,0.0,0.0,0.0,0.0,0.0,0.0,0.0,0.0,0.0,0.0,0.0
82dda7fffffffff,0.0,0.0,0.0,0.0,0.0,0.0,0.0,0.0,0.0,0.0,0.0,34.0,0.0,0.0,8.0,0.0,0.0,0.0,0.0,0.0,0.0,0.0,0.0,0.0,0.0,0.0,0.0,0.0,0.0,0.0,0.0
82ddb7fffffffff,0.0,0.0,0.0,0.0,0.0,0.0,0.0,0.0,0.0,0.0,0.0,23.0,0.0,0.0,0.0,0.0,0.0,0.0,0.0,0.0,0.0,0.0,0.0,0.0,0.0,0.0,0.0,0.0,0.0,0.0,0.0
82df07fffffffff,0.0,0.0,0.0,0.0,0.0,0.0,0.0,22.0,0.0,0.0,0.0,0.0,0.0,0.0,0.0,31.0,0.0,0.0,0.0,0.0,0.0,0.0,0.0,0.0,0.0,0.0,0.0,0.0,0.0,0.0,0.0
82df0ffffffffff,0.0,0.0,0.0,0.0,0.0,0.0,0.0,0.0,0.0,0.0,0.0,0.0,0.0,0.0,0.0,46.0,0.0,0.0,0.0,0.0,0.0,0.0,0.0,0.0,0.0,0.0,0.0,0.0,0.0,0.0,0.0
82df17fffffffff,0.0,0.0,0.0,0.0,0.0,0.0,0.0,0.0,0.0,0.0,0.0,0.0,0.0,0.0,0.0,5.0,0.0,0.0,0.0,0.0,0.0,0.0,0.0,0.0,0.0,0.0,0.0,0.0,0.0,0.0,0.0
82df1ffffffffff,0.0,0.0,0.0,0.0,0.0,0.0,0.0,0.0,0.0,0.0,0.0,0.0,0.0,0.0,0.0,16.0,0.0,0.0,0.0,0.0,0.0,0.0,0.0,0.0,0.0,0.0,0.0,0.0,0.0,0.0,0.0
82df27fffffffff,0.0,0.0,0.0,0.0,0.0,0.0,0.0,0.0,0.0,0.0,0.0,0.0,0.0,0.0,0.0,15.0,0.0,0.0,0.0,0.0,0.0,0.0,0.0,0.0,0.0,0.0,0.0,0.0,0.0,0.0,0.0
82df2ffffffffff,0.0,0.0,0.0,0.0,0.0,0.0,0.0,44.0,0.0,0.0,0.0,0.0,0.0,0.0,0.0,29.0,0.0,0.0,0.0,0.0,0.0,0.0,0.0,0.0,0.0,0.0,0.0,0.0,0.0,0.0,0.0
82e007fffffffff,0.0,0.0,0.0,0.0,0.0,0.0,0.0,10.0,0.0,0.0,0.0,0.0,0.0,0.0,0.0,0.0,0.0,0.0,0.0,0.0,0.0,0.0,0.0,0.0,0.0,0.0,0.0,0.0,0.0,0.0,0.0
82e017fffffffff,0.0,0.0,0.0,0.0,0.0,0.0,0.0,37.0,0.0,0.0,0.0,0.0,0.0,0.0,0.0,0.0,0.0,0.0,0.0,0.0,0.0,0.0,0.0,0.0,0.0,0.0,0.0,0.0,0.0,0.0,0.0
82e037fffffffff,0.0,0.0,0.0,0.0,0.0,0.0,0.0,8.0,0.0,0.0,0.0,0.0,0.0,0.0,0.0,0.0,0.0,0.0,0.0,0.0,0.0,0.0,0.0,0.0,0.0,0.0,0.0,0.0,0.0,0.0,0.0
82e0a7fffffffff,0.0,0.0,0.0,0.0,0.0,0.0,0.0,30.0,0.0,0.0,0.0,0.0,0.0,0.0,0.0,0.0,0.0,0.0,0.0,0.0,0.0,0.0,0.0,0.0,0.0,0.0,0.0,0.0,0.0,0.0,0.0
82e0b7fffffffff,0.0,0.0,0.0,0.0,0.0,0.0,0.0,8.0,0.0,0.0,0.0,0.0,0.0,0.0,0.0,0.0,0.0,0.0,0.0,0.0,0.0,0.0,0.0,0.0,0.0,0.0,0.0,0.0,0.0,0.0,0.0
82e107fffffffff,11.0,0.0,33.0,0.0,0.0,35.0,17.0,0.0,12.0,0.0,22.0,0.0,0.0,0.0,0.0,0.0,8.0,0.0,0.0,0.0,0.0,0.0,0.0,0.0,0.0,0.0,0.0,0.0,0.0,0.0,0.0
82e10ffffffffff,0.0,0.0,0.0,0.0,0.0,0.0,0.0,0.0,0.0,0.0,0.0,0.0,0.0,0.0,0.0,0.0,36.0,0.0,0.0,0.0,0.0,0.0,0.0,0.0,0.0,0.0,0.0,0.0,0.0,0.0,0.0
82e117fffffffff,0.0,0.0,0.0,0.0,0.0,36.0,36.0,0.0,0.0,26.0,36.0,39.0,0.0,7.0,0.0,24.0,74.0,0.0,0.0,0.0,0.0,0.0,0.0,0.0,0.0,0.0,0.0,0.0,0.0,0.0,0.0
82e11ffffffffff,0.0,0.0,0.0,0.0,0.0,0.0,0.0,0.0,0.0,0.0,0.0,0.0,37.0,27.0,0.0,0.0,24.0,0.0,0.0,0.0,0.0,0.0,0.0,0.0,0.0,0.0,0.0,0.0,0.0,0.0,0.0
82e127fffffffff,0.0,0.0,36.0,0.0,0.0,0.0,0.0,0.0,0.0,0.0,0.0,0.0,0.0,0.0,0.0,0.0,0.0,0.0,0.0,0.0,0.0,0.0,0.0,0.0,0.0,0.0,0.0,0.0,0.0,0.0,0.0
82e12ffffffffff,0.0,0.0,11.0,0.0,0.0,10.0,0.0,0.0,0.0,0.0,0.0,0.0,0.0,0.0,0.0,0.0,0.0,0.0,0.0,0.0,0.0,0.0,0.0,0.0,0.0,0.0,0.0,0.0,0.0,0.0,0.0
82e137fffffffff,17.0,0.0,0.0,0.0,0.0,0.0,0.0,0.0,25.0,2.0,0.0,38.0,0.0,0.0,0.0,0.0,0.0,22.0,0.0,0.0,0.0,0.0,0.0,0.0,0.0,0.0,0.0,0.0,0.0,0.0,0.0
82e147fffffffff,0.0,0.0,0.0,0.0,0.0,0.0,0.0,0.0,0.0,0.0,0.0,0.0,0.0,0.0,0.0,0.0,4.0,0.0,0.0,0.0,0.0,0.0,0.0,0.0,0.0,0.0,0.0,0.0,0.0,0.0,0.0
82e157fffffffff,0.0,0.0,0.0,0.0,0.0,0.0,0.0,0.0,0.0,0.0,0.0,0.0,0.0,0.0,0.0,0.0,22.0,0.0,0.0,0.0,0.0,0.0,0.0,0.0,0.0,0.0,0.0,0.0,0.0,0.0,0.0
82e187fffffffff,0.0,0.0,0.0,0.0,0.0,0.0,0.0,0.0,0.0,0.0,0.0,19.0,8.0,0.0,0.0,27.0,0.0,0.0,0.0,0.0,0.0,0.0,0.0,0.0,0.0,0.0,0.0,0.0,0.0,0.0,0.0
82e18ffffffffff,0.0,0.0,0.0,0.0,0.0,0.0,0.0,8.0,0.0,0.0,0.0,0.0,0.0,0.0,0.0,0.0,0.0,0.0,0.0,0.0,0.0,0.0,0.0,0.0,0.0,0.0,0.0,0.0,0.0,0.0,0.0
82e19ffffffffff,0.0,0.0,0.0,0.0,0.0,0.0,0.0,39.0,0.0,0.0,0.0,0.0,0.0,0.0,0.0,0.0,0.0,0.0,0.0,0.0,0.0,0.0,0.0,0.0,0.0,0.0,0.0,0.0,0.0,0.0,0.0
82e1a7fffffffff,0.0,0.0,0.0,0.0,0.0,0.0,36.0,0.0,0.0,65.0,36.0,36.0,21.0,47.0,0.0,37.0,49.0,0.0,0.0,0.0,0.0,0.0,0.0,0.0,0.0,0.0,0.0,0.0,0.0,0.0,32.0
82e1affffffffff,0.0,0.0,0.0,0.0,0.0,0.0,0.0,0.0,0.0,22.0,0.0,31.0,36.0,17.0,0.0,30.0,0.0,0.0,0.0,0.0,0.0,0.0,0.0,0.0,0.0,0.0,0.0,0.0,0.0,0.0,0.0
82e1b7fffffffff,0.0,0.0,0.0,0.0,2.0,0.0,0.0,0.0,0.0,26.0,34.0,37.0,33.0,68.0,0.0,67.0,36.0,0.0,0.0,0.0,0.0,0.0,0.0,0.0,0.0,0.0,0.0,0.0,0.0,0.0,0.0
82e407fffffffff,30.0,0.0,0.0,0.0,0.0,22.0,0.0,71.0,44.0,39.0,16.0,0.0,30.0,0.0,0.0,0.0,72.0,63.0,15.0,69.0,37.0,0.0,0.0,39.0,39.0,0.0,0.0,0.0,30.0,0.0,0.0
82e40ffffffffff,39.0,14.0,0.0,0.0,0.0,33.0,0.0,55.0,48.0,24.0,26.0,0.0,20.0,0.0,0.0,0.0,71.0,99.0,0.0,34.0,35.0,14.0,0.0,23.0,38.0,0.0,0.0,0.0,32.0,0.0,0.0
82e417fffffffff,20.0,0.0,0.0,0.0,0.0,35.0,29.0,28.0,37.0,39.0,39.0,31.0,43.0,5.0,73.0,0.0,0.0,71.0,16.0,0.0,0.0,74.0,38.0,0.0,42.0,0.0,11.0,0.0,0.0,0.0,0.0
82e41ffffffffff,0.0,0.0,0.0,0.0,0.0,37.0,26.0,16.0,24.0,37.0,26.0,41.0,32.0,30.0,77.0,0.0,10.0,33.0,0.0,26.0,1.0,74.0,39.0,0.0,0.0,0.0,32.0,0.0,0.0,0.0,0.0
82e427fffffffff,0.0,0.0,0.0,0.0,0.0,0.0,0.0,0.0,0.0,34.0,0.0,0.0,32.0,0.0,0.0,0.0,0.0,0.0,64.0,28.0,0.0,12.0,0.0,22.0,0.0,0.0,0.0,0.0,7.0,0.0,0.0
82e42ffffffffff,0.0,0.0,0.0,0.0,0.0,0.0,0.0,0.0,0.0,30.0,7.0,0.0,0.0,0.0,0.0,0.0,0.0,0.0,73.0,0.0,0.0,0.0,0.0,0.0,0.0,0.0,0.0,0.0,7.0,0.0,0.0
82e437fffffffff,0.0,0.0,0.0,0.0,0.0,0.0,21.0,75.0,34.0,69.0,22.0,26.0,30.0,24.0,19.0,0.0,140.0,78.0,65.0,118.0,117.0,24.0,44.0,89.0,86.0,47.0,50.0,24.0,55.0,24.0,24.0
82e447fffffffff,54.0,58.0,0.0,0.0,0.0,16.0,0.0,0.0,21.0,0.0,38.0,25.0,0.0,0.0,0.0,0.0,17.0,24.0,30.0,0.0,0.0,0.0,0.0,0.0,0.0,0.0,0.0,0.0,0.0,0.0,0.0
82e44ffffffffff,15.0,0.0,0.0,0.0,0.0,28.0,0.0,0.0,38.0,36.0,0.0,14.0,0.0,16.0,0.0,0.0,16.0,38.0,0.0,17.0,0.0,34.0,0.0,0.0,9.0,0.0,0.0,0.0,0.0,0.0,0.0
82e457fffffffff,26.0,0.0,0.0,0.0,0.0,56.0,0.0,5.0,39.0,27.0,0.0,40.0,6.0,0.0,72.0,0.0,77.0,65.0,0.0,22.0,28.0,38.0,32.0,0.0,33.0,0.0,0.0,0.0,0.0,0.0,0.0
82e45ffffffffff,0.0,0.0,0.0,0.0,0.0,39.0,0.0,0.0,2.0,37.0,0.0,0.0,0.0,38.0,0.0,0.0,63.0,0.0,0.0,40.0,0.0,29.0,12.0,0.0,0.0,0.0,0.0,0.0,0.0,0.0,26.0
82e46ffffffffff,0.0,0.0,0.0,0.0,0.0,0.0,0.0,0.0,0.0,0.0,0.0,1.0,0.0,0.0,0.0,0.0,0.0,0.0,0.0,0.0,0.0,0.0,0.0,0.0,0.0,0.0,0.0,0.0,0.0,0.0,0.0
82e477fffffffff,0.0,36.0,0.0,0.0,0.0,0.0,0.0,10.0,0.0,0.0,27.0,0.0,0.0,0.0,0.0,0.0,0.0,12.0,72.0,0.0,0.0,0.0,0.0,0.0,0.0,0.0,0.0,0.0,3.0,0.0,0.0
82e487fffffffff,0.0,0.0,0.0,0.0,0.0,0.0,0.0,0.0,0.0,38.0,37.0,0.0,61.0,0.0,0.0,0.0,0.0,0.0,0.0,37.0,0.0,0.0,0.0,0.0,0.0,0.0,0.0,0.0,0.0,0.0,29.0
82e48ffffffffff,0.0,0.0,0.0,0.0,0.0,0.0,0.0,0.0,0.0,33.0,35.0,0.0,30.0,28.0,0.0,0.0,22.0,0.0,0.0,0.0,0.0,0.0,0.0,0.0,0.0,0.0,0.0,0.0,0.0,0.0,34.0
82e497fffffffff,0.0,0.0,0.0,0.0,0.0,0.0,0.0,0.0,0.0,0.0,0.0,0.0,43.0,0.0,0.0,0.0,0.0,0.0,0.0,30.0,0.0,0.0,0.0,0.0,0.0,0.0,0.0,0.0,0.0,0.0,29.0
82e49ffffffffff,0.0,0.0,0.0,0.0,0.0,0.0,0.0,0.0,0.0,0.0,30.0,0.0,44.0,39.0,0.0,35.0,0.0,0.0,0.0,0.0,0.0,0.0,0.0,0.0,0.0,0.0,0.0,0.0,0.0,0.0,0.0
82e4a7fffffffff,0.0,0.0,0.0,0.0,0.0,0.0,15.0,38.0,0.0,46.0,0.0,20.0,0.0,74.0,0.0,16.0,0.0,0.0,0.0,0.0,0.0,0.0,20.0,0.0,30.0,0.0,33.0,0.0,0.0,0.0,0.0
82e4affffffffff,0.0,0.0,0.0,0.0,0.0,0.0,0.0,35.0,0.0,60.0,0.0,0.0,23.0,34.0,0.0,38.0,0.0,0.0,0.0,40.0,0.0,0.0,0.0,0.0,0.0,0.0,18.0,0.0,0.0,0.0,0.0
82e4b7fffffffff,0.0,0.0,0.0,0.0,0.0,0.0,0.0,0.0,0.0,34.0,37.0,0.0,21.0,0.0,0.0,0.0,0.0,0.0,0.0,0.0,0.0,0.0,0.0,0.0,0.0,0.0,0.0,0.0,0.0,0.0,0.0
82e4c7fffffffff,0.0,0.0,0.0,0.0,30.0,0.0,0.0,0.0,0.0,28.0,60.0,0.0,38.0,55.0,0.0,64.0,35.0,0.0,0.0,0.0,0.0,0.0,0.0,0.0,0.0,0.0,0.0,0.0,0.0,0.0,0.0
82e4cffffffffff,0.0,0.0,0.0,0.0,20.0,0.0,0.0,0.0,0.0,0.0,0.0,37.0,40.0,17.0,0.0,66.0,33.0,0.0,0.0,0.0,0.0,0.0,0.0,0.0,0.0,0.0,0.0,0.0,0.0,0.0,0.0
82e4d7fffffffff,0.0,0.0,0.0,0.0,0.0,0.0,36.0,0.0,0.0,0.0,58.0,0.0,82.0,32.0,0.0,46.0,16.0,0.0,0.0,0.0,0.0,0.0,0.0,0.0,0.0,0.0,0.0,0.0,0.0,0.0,0.0
82e4dffffffffff,0.0,0.0,0.0,0.0,0.0,0.0,14.0,0.0,0.0,0.0,0.0,38.0,24.0,42.0,0.0,0.0,0.0,0.0,0.0,0.0,0.0,0.0,0.0,0.0,0.0,0.0,0.0,0.0,0.0,0.0,0.0
82e4e7fffffffff,0.0,0.0,0.0,0.0,0.0,30.0,0.0,61.0,0.0,74.0,0.0,25.0,9.0,62.0,61.0,0.0,0.0,0.0,0.0,41.0,6.0,34.0,28.0,0.0,0.0,0.0,39.0,0.0,0.0,0.0,0.0
82e4effffffffff,0.0,0.0,0.0,0.0,0.0,0.0,0.0,34.0,0.0,115.0,15.0,0.0,24.0,82.0,0.0,0.0,0.0,0.0,0.0,0.0,5.0,0.0,0.0,0.0,0.0,0.0,9.0,0.0,0.0,0.0,27.0
82e4f7fffffffff,0.0,0.0,0.0,0.0,30.0,0.0,8.0,22.0,0.0,60.0,7.0,0.0,0.0,0.0,0.0,34.0,10.0,0.0,0.0,0.0,0.0,0.0,0.0,0.0,0.0,0.0,0.0,0.0,0.0,0.0,0.0
82e507fffffffff,0.0,0.0,0.0,0.0,0.0,37.0,3.0,74.0,36.0,24.0,0.0,38.0,39.0,0.0,18.0,0.0,0.0,0.0,0.0,0.0,5.0,37.0,0.0,36.0,17.0,30.0,0.0,0.0,0.0,0.0,0.0
82e50ffffffffff,0.0,0.0,0.0,0.0,0.0,19.0,0.0,19.0,4.0,28.0,0.0,32.0,22.0,0.0,14.0,9.0,0.0,0.0,0.0,0.0,0.0,19.0,8.0,14.0,0.0,0.0,0.0,0.0,0.0,0.0,0.0
82e517fffffffff,0.0,0.0,0.0,0.0,55.0,0.0,0.0,32.0,77.0,0.0,0.0,38.0,67.0,0.0,38.0,78.0,37.0,35.0,16.0,96.0,100.0,75.0,101.0,58.0,28.0,31.0,0.0,0.0,10.0,0.0,0.0
82e51ffffffffff,0.0,0.0,0.0,0.0,0.0,0.0,0.0,16.0,6.0,0.0,13.0,30.0,36.0,0.0,27.0,28.0,19.0,37.0,29.0,72.0,67.0,72.0,38.0,47.0,15.0,8.0,0.0,0.0,6.0,0.0,0.0
82e527fffffffff,0.0,0.0,0.0,0.0,0.0,12.0,0.0,0.0,0.0,0.0,0.0,0.0,0.0,0.0,0.0,0.0,0.0,0.0,0.0,0.0,0.0,0.0,0.0,0.0,0.0,0.0,0.0,15.0,0.0,0.0,12.0
82e537fffffffff,0.0,0.0,0.0,0.0,35.0,28.0,33.0,94.0,29.0,0.0,0.0,57.0,15.0,0.0,34.0,0.0,0.0,0.0,29.0,0.0,37.0,36.0,0.0,33.0,4.0,47.0,0.0,29.0,0.0,0.0,0.0
82e557fffffffff,0.0,0.0,0.0,0.0,0.0,0.0,0.0,0.0,0.0,0.0,0.0,0.0,5.0,0.0,0.0,0.0,0.0,0.0,0.0,0.0,0.0,0.0,0.0,0.0,0.0,0.0,0.0,0.0,0.0,0.0,0.0
82e587fffffffff,0.0,0.0,0.0,0.0,0.0,63.0,17.0,63.0,63.0,58.0,18.0,4.0,21.0,0.0,69.0,0.0,27.0,113.0,62.0,0.0,0.0,74.0,31.0,0.0,2.0,0.0,0.0,0.0,0.0,0.0,0.0
82e58ffffffffff,0.0,0.0,0.0,0.0,0.0,36.0,58.0,85.0,55.0,100.0,30.0,48.0,63.0,37.0,102.0,0.0,76.0,168.0,113.0,114.0,75.0,145.0,127.0,76.0,84.0,74.0,78.0,37.0,35.0,36.0,38.0
82e597fffffffff,0.0,0.0,0.0,0.0,0.0,7.0,20.0,1.0,7.0,63.0,10.0,31.0,21.0,40.0,8.0,0.0,0.0,4.0,36.0,0.0,0.0,0.0,7.0,0.0,35.0,0.0,36.0,0.0,0.0,0.0,0.0
82e59ffffffffff,0.0,0.0,0.0,0.0,0.0,0.0,56.0,37.0,37.0,121.0,22.0,67.0,89.0,112.0,5.0,0.0,73.0,74.0,61.0,90.0,75.0,75.0,115.0,74.0,106.0,75.0,111.0,38.0,0.0,0.0,37.0
82e5a7fffffffff,0.0,0.0,0.0,0.0,24.0,33.0,0.0,26.0,2.0,0.0,39.0,0.0,0.0,0.0,0.0,37.0,0.0,53.0,29.0,37.0,31.0,0.0,38.0,65.0,21.0,64.0,0.0,0.0,28.0,0.0,0.0
82e5affffffffff,0.0,0.0,0.0,0.0,0.0,28.0,0.0,9.0,20.0,0.0,44.0,0.0,25.0,0.0,0.0,3.0,37.0,75.0,35.0,37.0,42.0,0.0,27.0,79.0,5.0,22.0,0.0,0.0,30.0,0.0,0.0
82e5b7fffffffff,0.0,0.0,0.0,0.0,0.0,62.0,17.0,35.0,65.0,43.0,69.0,7.0,17.0,0.0,64.0,0.0,38.0,104.0,37.0,0.0,0.0,69.0,31.0,2.0,0.0,0.0,0.0,0.0,0.0,0.0,0.0
82e64ffffffffff,0.0,0.0,0.0,0.0,0.0,0.0,0.0,0.0,0.0,0.0,0.0,36.0,0.0,0.0,0.0,0.0,0.0,0.0,0.0,0.0,0.0,0.0,0.0,0.0,0.0,0.0,0.0,0.0,0.0,0.0,0.0
82e65ffffffffff,0.0,0.0,0.0,0.0,0.0,0.0,0.0,0.0,0.0,0.0,0.0,31.0,0.0,0.0,0.0,0.0,0.0,0.0,0.0,0.0,0.0,0.0,0.0,0.0,0.0,0.0,0.0,0.0,0.0,0.0,0.0
82e697fffffffff,0.0,0.0,0.0,0.0,0.0,0.0,4.0,0.0,0.0,0.0,0.0,0.0,29.0,32.0,31.0,0.0,0.0,0.0,0.0,0.0,0.0,0.0,0.0,0.0,0.0,0.0,0.0,0.0,0.0,0.0,0.0
82e6a7fffffffff,0.0,0.0,0.0,0.0,0.0,0.0,0.0,0.0,0.0,0.0,0.0,0.0,0.0,16.0,0.0,0.0,0.0,0.0,0.0,0.0,0.0,0.0,0.0,0.0,0.0,0.0,0.0,0.0,0.0,0.0,0.0
82e6b7fffffffff,0.0,0.0,0.0,0.0,0.0,0.0,0.0,0.0,0.0,0.0,0.0,0.0,32.0,29.0,32.0,0.0,0.0,0.0,0.0,0.0,0.0,0.0,0.0,0.0,0.0,0.0,0.0,0.0,0.0,0.0,0.0
82e6cffffffffff,0.0,0.0,0.0,0.0,0.0,0.0,0.0,0.0,0.0,0.0,0.0,32.0,0.0,0.0,0.0,0.0,0.0,0.0,0.0,0.0,0.0,0.0,0.0,0.0,0.0,0.0,0.0,0.0,0.0,0.0,0.0
82e717fffffffff,0.0,0.0,0.0,0.0,0.0,0.0,0.0,0.0,0.0,0.0,0.0,0.0,6.0,0.0,0.0,0.0,0.0,0.0,0.0,0.0,0.0,0.0,0.0,0.0,0.0,0.0,0.0,0.0,0.0,0.0,0.0
82e78ffffffffff,0.0,0.0,0.0,0.0,0.0,0.0,0.0,0.0,0.0,0.0,0.0,0.0,25.0,0.0,24.0,0.0,0.0,0.0,0.0,0.0,0.0,0.0,0.0,0.0,0.0,0.0,0.0,0.0,0.0,0.0,0.0
82e797fffffffff,0.0,0.0,0.0,0.0,0.0,0.0,0.0,0.0,0.0,0.0,0.0,0.0,0.0,0.0,0.0,0.0,17.0,0.0,0.0,0.0,0.0,0.0,0.0,0.0,0.0,0.0,0.0,0.0,0.0,0.0,0.0
82e79ffffffffff,0.0,0.0,0.0,0.0,0.0,0.0,0.0,0.0,0.0,0.0,0.0,0.0,26.0,2.0,27.0,0.0,0.0,0.0,0.0,0.0,0.0,0.0,0.0,0.0,0.0,0.0,0.0,0.0,0.0,0.0,0.0
82e7affffffffff,0.0,0.0,0.0,0.0,0.0,0.0,0.0,0.0,0.0,0.0,0.0,0.0,35.0,0.0,27.0,0.0,0.0,0.0,0.0,0.0,0.0,0.0,0.0,0.0,0.0,0.0,0.0,0.0,0.0,0.0,0.0
82e887fffffffff,0.0,0.0,0.0,0.0,0.0,0.0,0.0,0.0,0.0,0.0,0.0,0.0,0.0,0.0,0.0,2.0,0.0,0.0,0.0,0.0,0.0,0.0,0.0,0.0,0.0,0.0,0.0,0.0,0.0,0.0,0.0
82e8a7fffffffff,0.0,0.0,0.0,0.0,0.0,0.0,0.0,0.0,0.0,0.0,0.0,0.0,0.0,0.0,0.0,38.0,0.0,0.0,0.0,0.0,0.0,0.0,0.0,0.0,0.0,0.0,0.0,0.0,0.0,0.0,0.0
82e8cffffffffff,0.0,0.0,0.0,0.0,0.0,0.0,0.0,43.0,0.0,0.0,0.0,0.0,0.0,0.0,0.0,0.0,0.0,0.0,0.0,0.0,0.0,0.0,0.0,0.0,0.0,0.0,0.0,0.0,0.0,0.0,0.0
82e8dffffffffff,0.0,0.0,0.0,0.0,0.0,0.0,0.0,44.0,0.0,0.0,0.0,0.0,0.0,0.0,0.0,0.0,0.0,0.0,0.0,0.0,0.0,0.0,0.0,0.0,0.0,0.0,0.0,0.0,0.0,0.0,0.0
82e98ffffffffff,0.0,0.0,0.0,0.0,0.0,0.0,0.0,0.0,0.0,0.0,0.0,0.0,0.0,0.0,0.0,36.0,0.0,0.0,0.0,0.0,0.0,0.0,0.0,0.0,0.0,0.0,0.0,0.0,0.0,0.0,0.0
82e9affffffffff,0.0,0.0,0.0,0.0,0.0,0.0,0.0,0.0,0.0,0.0,0.0,0.0,0.0,0.0,0.0,12.0,0.0,0.0,0.0,0.0,0.0,0.0,0.0,0.0,0.0,0.0,0.0,0.0,0.0,0.0,0.0
82ea17fffffffff,0.0,0.0,0.0,0.0,0.0,0.0,0.0,0.0,0.0,0.0,0.0,0.0,0.0,0.0,0.0,29.0,0.0,0.0,0.0,0.0,0.0,0.0,0.0,0.0,0.0,0.0,0.0,0.0,0.0,0.0,0.0
82ea1ffffffffff,0.0,0.0,0.0,0.0,0.0,0.0,0.0,0.0,0.0,0.0,0.0,0.0,0.0,0.0,0.0,0.0,2.0,0.0,0.0,0.0,0.0,0.0,0.0,0.0,0.0,0.0,0.0,0.0,0.0,0.0,0.0
82ea27fffffffff,0.0,0.0,0.0,0.0,0.0,0.0,0.0,0.0,0.0,0.0,0.0,0.0,0.0,26.0,0.0,18.0,0.0,0.0,0.0,0.0,0.0,0.0,0.0,0.0,0.0,0.0,0.0,0.0,0.0,0.0,0.0
82ea2ffffffffff,0.0,0.0,0.0,0.0,0.0,0.0,0.0,0.0,0.0,0.0,0.0,0.0,0.0,6.0,0.0,0.0,0.0,0.0,0.0,0.0,0.0,0.0,0.0,0.0,0.0,0.0,0.0,0.0,0.0,0.0,0.0
82ea37fffffffff,0.0,0.0,0.0,0.0,0.0,0.0,0.0,0.0,0.0,0.0,0.0,0.0,0.0,31.0,0.0,22.0,0.0,0.0,0.0,0.0,0.0,0.0,0.0,0.0,0.0,0.0,0.0,0.0,0.0,0.0,0.0
82ea87fffffffff,0.0,0.0,0.0,0.0,0.0,0.0,0.0,0.0,0.0,0.0,0.0,0.0,0.0,0.0,0.0,71.0,30.0,21.0,24.0,24.0,26.0,18.0,21.0,0.0,49.0,0.0,25.0,23.0,36.0,0.0,0.0
82ea8ffffffffff,0.0,0.0,0.0,0.0,0.0,0.0,0.0,0.0,0.0,0.0,0.0,0.0,0.0,0.0,0.0,37.0,0.0,32.0,25.0,32.0,29.0,1.0,7.0,0.0,26.0,0.0,6.0,0.0,31.0,0.0,23.0
82ea97fffffffff,0.0,0.0,0.0,0.0,0.0,0.0,0.0,0.0,0.0,0.0,0.0,0.0,0.0,0.0,0.0,46.0,0.0,28.0,39.0,7.0,44.0,18.0,29.0,0.0,29.0,0.0,24.0,31.0,32.0,18.0,22.0
82ea9ffffffffff,0.0,0.0,0.0,0.0,0.0,0.0,0.0,0.0,0.0,0.0,0.0,0.0,0.0,0.0,0.0,31.0,0.0,0.0,12.0,0.0,12.0,0.0,0.0,25.0,0.0,24.0,32.0,0.0,2.0,18.0,28.0
82eaa7fffffffff,0.0,0.0,0.0,0.0,0.0,0.0,0.0,0.0,0.0,0.0,0.0,0.0,0.0,0.0,0.0,0.0,20.0,0.0,0.0,0.0,0.0,3.0,0.0,0.0,0.0,0.0,0.0,0.0,1.0,0.0,0.0
82eaaffffffffff,0.0,0.0,0.0,0.0,0.0,0.0,0.0,0.0,0.0,0.0,0.0,0.0,0.0,0.0,0.0,44.0,44.0,0.0,0.0,0.0,0.0,0.0,0.0,0.0,17.0,0.0,0.0,0.0,0.0,0.0,0.0
82eab7fffffffff,0.0,0.0,0.0,0.0,0.0,0.0,0.0,0.0,0.0,0.0,0.0,0.0,0.0,0.0,0.0,0.0,44.0,0.0,0.0,0.0,0.0,33.0,0.0,0.0,24.0,0.0,0.0,0.0,22.0,0.0,0.0
82eac7fffffffff,0.0,0.0,0.0,0.0,0.0,0.0,0.0,0.0,0.0,0.0,0.0,0.0,0.0,0.0,0.0,0.0,6.0,8.0,32.0,0.0,17.0,26.0,0.0,0.0,36.0,0.0,0.0,0.0,0.0,0.0,0.0
82eacffffffffff,0.0,0.0,0.0,0.0,0.0,0.0,0.0,0.0,0.0,0.0,0.0,0.0,0.0,0.0,0.0,0.0,31.0,0.0,44.0,0.0,3.0,3.0,2.0,0.0,30.0,0.0,0.0,0.0,11.0,0.0,0.0
82ead7fffffffff,0.0,0.0,0.0,0.0,0.0,0.0,0.0,0.0,0.0,0.0,0.0,0.0,0.0,25.0,0.0,0.0,0.0,30.0,0.0,30.0,5.0,1.0,0.0,0.0,0.0,0.0,0.0,0.0,32.0,0.0,13.0
82eadffffffffff,0.0,0.0,0.0,0.0,0.0,0.0,0.0,0.0,0.0,0.0,0.0,0.0,0.0,0.0,0.0,0.0,0.0,13.0,0.0,33.0,0.0,0.0,21.0,0.0,0.0,1.0,6.0,0.0,26.0,0.0,0.0
82eaeffffffffff,0.0,0.0,0.0,0.0,0.0,0.0,0.0,0.0,0.0,0.0,0.0,0.0,0.0,0.0,0.0,0.0,8.0,0.0,0.0,0.0,0.0,0.0,0.0,0.0,0.0,0.0,0.0,0.0,0.0,0.0,0.0
82eaf7fffffffff,0.0,0.0,0.0,0.0,0.0,0.0,0.0,0.0,0.0,0.0,0.0,0.0,0.0,4.0,0.0,9.0,22.0,0.0,27.0,0.0,17.0,27.0,0.0,0.0,30.0,0.0,0.0,0.0,0.0,0.0,0.0
82eb0ffffffffff,0.0,0.0,0.0,0.0,0.0,0.0,0.0,0.0,0.0,0.0,0.0,0.0,0.0,0.0,0.0,26.0,0.0,18.0,0.0,0.0,0.0,0.0,0.0,0.0,0.0,0.0,0.0,0.0,0.0,0.0,0.0
82eb1ffffffffff,0.0,0.0,0.0,0.0,0.0,0.0,0.0,0.0,0.0,0.0,0.0,0.0,0.0,0.0,0.0,2.0,0.0,30.0,0.0,0.0,0.0,0.0,0.0,0.0,0.0,0.0,0.0,0.0,0.0,0.0,0.0
82eb2ffffffffff,0.0,0.0,0.0,0.0,0.0,0.0,0.0,0.0,0.0,0.0,0.0,0.0,0.0,0.0,0.0,27.0,0.0,0.0,0.0,0.0,0.0,0.0,0.0,0.0,0.0,0.0,0.0,0.0,0.0,0.0,0.0
82eb47fffffffff,0.0,0.0,0.0,0.0,0.0,0.0,0.0,0.0,0.0,0.0,0.0,0.0,0.0,9.0,0.0,0.0,0.0,0.0,0.0,0.0,0.0,0.0,0.0,0.0,0.0,0.0,0.0,0.0,0.0,0.0,0.0
82eb4ffffffffff,0.0,0.0,0.0,0.0,0.0,0.0,0.0,0.0,0.0,0.0,0.0,0.0,0.0,13.0,0.0,0.0,0.0,0.0,0.0,0.0,0.0,0.0,0.0,0.0,0.0,0.0,0.0,0.0,0.0,0.0,0.0
82eb57fffffffff,0.0,0.0,0.0,0.0,0.0,0.0,0.0,0.0,0.0,0.0,0.0,0.0,0.0,8.0,0.0,0.0,0.0,0.0,0.0,0.0,0.0,0.0,0.0,0.0,0.0,0.0,0.0,0.0,0.0,0.0,0.0
82eb67fffffffff,0.0,0.0,0.0,0.0,0.0,0.0,0.0,0.0,0.0,0.0,0.0,0.0,0.0,0.0,0.0,0.0,0.0,28.0,0.0,0.0,0.0,0.0,0.0,0.0,0.0,0.0,0.0,0.0,0.0,0.0,0.0
82eb6ffffffffff,0.0,0.0,0.0,0.0,0.0,0.0,0.0,0.0,0.0,0.0,0.0,0.0,0.0,5.0,0.0,0.0,0.0,9.0,0.0,0.0,0.0,0.0,0.0,0.0,0.0,0.0,0.0,0.0,0.0,0.0,0.0
82eb77fffffffff,0.0,0.0,0.0,0.0,0.0,0.0,0.0,0.0,0.0,0.0,0.0,0.0,0.0,0.0,0.0,0.0,0.0,22.0,0.0,0.0,0.0,0.0,0.0,0.0,0.0,0.0,0.0,0.0,0.0,0.0,0.0
82eb87fffffffff,0.0,0.0,0.0,0.0,0.0,0.0,0.0,0.0,0.0,0.0,0.0,0.0,0.0,28.0,0.0,0.0,0.0,15.0,0.0,0.0,0.0,0.0,0.0,0.0,0.0,0.0,0.0,0.0,0.0,0.0,0.0
82eb8ffffffffff,0.0,0.0,0.0,0.0,0.0,0.0,0.0,0.0,0.0,0.0,0.0,0.0,0.0,18.0,0.0,0.0,0.0,0.0,0.0,0.0,0.0,0.0,0.0,0.0,0.0,0.0,0.0,0.0,0.0,0.0,0.0
82eb97fffffffff,0.0,0.0,0.0,0.0,0.0,0.0,0.0,0.0,0.0,0.0,0.0,0.0,0.0,30.0,0.0,0.0,0.0,0.0,0.0,0.0,0.0,0.0,0.0,0.0,0.0,0.0,0.0,0.0,0.0,0.0,0.0
82eba7fffffffff,0.0,0.0,0.0,0.0,0.0,0.0,0.0,0.0,0.0,0.0,0.0,0.0,0.0,0.0,0.0,0.0,0.0,7.0,0.0,0.0,0.0,0.0,0.0,0.0,0.0,0.0,0.0,0.0,0.0,0.0,0.0
82ebaffffffffff,0.0,0.0,0.0,0.0,0.0,0.0,0.0,0.0,0.0,0.0,0.0,0.0,0.0,0.0,0.0,0.0,0.0,28.0,0.0,0.0,0.0,0.0,0.0,0.0,0.0,0.0,0.0,0.0,0.0,0.0,0.0
82ebb7fffffffff,0.0,0.0,0.0,0.0,0.0,0.0,0.0,0.0,0.0,0.0,0.0,0.0,0.0,0.0,0.0,0.0,0.0,27.0,0.0,0.0,0.0,0.0,0.0,0.0,0.0,0.0,0.0,0.0,0.0,0.0,0.0
82ec87fffffffff,0.0,0.0,0.0,0.0,0.0,0.0,0.0,33.0,0.0,80.0,0.0,0.0,0.0,0.0,0.0,10.0,0.0,0.0,0.0,0.0,6.0,0.0,0.0,0.0,0.0,0.0,0.0,0.0,0.0,0.0,0.0
82ec97fffffffff,0.0,0.0,0.0,0.0,18.0,53.0,32.0,33.0,23.0,0.0,0.0,53.0,0.0,12.0,0.0,20.0,0.0,0.0,0.0,0.0,56.0,0.0,0.0,35.0,0.0,16.0,0.0,0.0,0.0,0.0,0.0
82ec9ffffffffff,0.0,0.0,0.0,0.0,0.0,37.0,13.0,17.0,0.0,0.0,0.0,41.0,0.0,0.0,11.0,0.0,0.0,0.0,0.0,0.0,0.0,0.0,0.0,20.0,0.0,0.0,13.0,0.0,0.0,0.0,28.0
82eca7fffffffff,0.0,0.0,0.0,0.0,0.0,0.0,0.0,19.0,0.0,44.0,0.0,0.0,0.0,0.0,30.0,41.0,0.0,0.0,0.0,2.0,0.0,0.0,0.0,0.0,0.0,0.0,4.0,0.0,0.0,0.0,0.0
82ecaffffffffff,0.0,0.0,0.0,0.0,0.0,0.0,0.0,0.0,0.0,47.0,0.0,0.0,0.0,0.0,0.0,0.0,0.0,0.0,0.0,0.0,0.0,0.0,0.0,0.0,0.0,0.0,0.0,0.0,0.0,0.0,0.0
82ecb7fffffffff,0.0,0.0,0.0,2.0,0.0,25.0,18.0,7.0,18.0,148.0,0.0,16.0,34.0,0.0,31.0,114.0,0.0,0.0,0.0,0.0,36.0,0.0,0.0,0.0,0.0,0.0,30.0,0.0,0.0,0.0,0.0
82ed07fffffffff,0.0,0.0,0.0,0.0,0.0,0.0,0.0,0.0,0.0,0.0,0.0,0.0,0.0,20.0,0.0,0.0,0.0,0.0,0.0,0.0,0.0,0.0,0.0,0.0,0.0,0.0,0.0,0.0,0.0,0.0,0.0
82ed17fffffffff,0.0,0.0,0.0,0.0,0.0,0.0,0.0,0.0,0.0,0.0,0.0,0.0,0.0,32.0,0.0,0.0,0.0,0.0,0.0,0.0,0.0,0.0,0.0,0.0,0.0,0.0,0.0,0.0,0.0,0.0,0.0
82ed1ffffffffff,0.0,0.0,0.0,0.0,0.0,0.0,0.0,0.0,0.0,0.0,0.0,0.0,0.0,2.0,0.0,0.0,0.0,0.0,0.0,0.0,0.0,0.0,0.0,0.0,0.0,0.0,0.0,0.0,0.0,0.0,0.0
82ed27fffffffff,0.0,0.0,0.0,0.0,0.0,0.0,0.0,0.0,0.0,0.0,0.0,0.0,0.0,20.0,0.0,28.0,0.0,0.0,0.0,0.0,0.0,0.0,0.0,31.0,0.0,32.0,35.0,0.0,0.0,0.0,0.0
82ed2ffffffffff,0.0,0.0,0.0,0.0,0.0,0.0,0.0,0.0,0.0,0.0,0.0,0.0,0.0,1.0,0.0,0.0,0.0,0.0,0.0,0.0,0.0,0.0,0.0,35.0,0.0,33.0,31.0,0.0,0.0,0.0,0.0
82ed47fffffffff,0.0,0.0,0.0,0.0,0.0,0.0,0.0,0.0,0.0,0.0,0.0,0.0,0.0,18.0,0.0,0.0,0.0,0.0,0.0,14.0,0.0,0.0,6.0,19.0,26.0,24.0,32.0,0.0,27.0,0.0,0.0
82ed4ffffffffff,0.0,0.0,0.0,0.0,0.0,0.0,0.0,0.0,0.0,0.0,0.0,0.0,0.0,0.0,0.0,0.0,0.0,0.0,0.0,1.0,18.0,0.0,44.0,0.0,0.0,15.0,24.0,0.0,25.0,0.0,0.0
82ed67fffffffff,0.0,0.0,0.0,0.0,0.0,0.0,0.0,0.0,0.0,0.0,0.0,0.0,0.0,0.0,0.0,0.0,0.0,0.0,0.0,30.0,28.0,0.0,43.0,11.0,21.0,14.0,23.0,0.0,16.0,28.0,0.0
82ed6ffffffffff,0.0,0.0,0.0,0.0,0.0,0.0,0.0,0.0,0.0,0.0,0.0,0.0,0.0,30.0,0.0,0.0,0.0,0.0,0.0,6.0,22.0,6.0,39.0,25.0,0.0,4.0,56.0,0.0,0.0,25.0,0.0
82ed77fffffffff,0.0,0.0,0.0,0.0,0.0,0.0,0.0,0.0,0.0,0.0,0.0,0.0,0.0,0.0,0.0,0.0,0.0,0.0,0.0,0.0,0.0,0.0,0.0,32.0,0.0,23.0,21.0,0.0,8.0,0.0,0.0
82ed87fffffffff,0.0,0.0,0.0,0.0,30.0,22.0,0.0,20.0,0.0,21.0,0.0,8.0,0.0,0.0,5.0,20.0,5.0,30.0,10.0,0.0,0.0,0.0,0.0,21.0,21.0,21.0,22.0,0.0,0.0,0.0,0.0
82ed8ffffffffff,0.0,0.0,0.0,0.0,6.0,0.0,0.0,0.0,0.0,12.0,0.0,2.0,0.0,5.0,6.0,14.0,0.0,15.0,1.0,0.0,1.0,5.0,0.0,11.0,11.0,11.0,35.0,0.0,0.0,0.0,0.0
82ed97fffffffff,0.0,0.0,0.0,0.0,0.0,14.0,31.0,39.0,21.0,38.0,11.0,39.0,28.0,39.0,38.0,38.0,40.0,47.0,40.0,0.0,13.0,39.0,0.0,40.0,39.0,16.0,15.0,0.0,0.0,0.0,0.0
82ed9ffffffffff,0.0,0.0,0.0,0.0,0.0,2.0,14.0,25.0,0.0,3.0,0.0,19.0,0.0,31.0,18.0,0.0,4.0,0.0,37.0,33.0,23.0,24.0,0.0,0.0,0.0,0.0,6.0,0.0,0.0,0.0,0.0
82eda7fffffffff,0.0,0.0,0.0,0.0,0.0,0.0,6.0,0.0,0.0,0.0,0.0,0.0,0.0,0.0,0.0,0.0,0.0,0.0,0.0,0.0,0.0,0.0,0.0,0.0,0.0,0.0,0.0,0.0,0.0,0.0,0.0
82edb7fffffffff,0.0,0.0,0.0,0.0,29.0,26.0,10.0,0.0,0.0,0.0,0.0,0.0,0.0,0.0,0.0,0.0,0.0,0.0,0.0,0.0,0.0,0.0,0.0,0.0,0.0,0.0,0.0,0.0,0.0,0.0,0.0
82f09ffffffffff,0.0,0.0,14.0,0.0,0.0,0.0,0.0,0.0,0.0,0.0,0.0,9.0,0.0,0.0,0.0,0.0,0.0,0.0,0.0,0.0,0.0,0.0,0.0,0.0,0.0,0.0,0.0,0.0,0.0,0.0,0.0
82f307fffffffff,0.0,0.0,0.0,0.0,0.0,0.0,0.0,0.0,0.0,0.0,0.0,0.0,0.0,0.0,0.0,0.0,12.0,0.0,0.0,0.0,0.0,0.0,0.0,0.0,0.0,0.0,0.0,0.0,0.0,0.0,0.0
82f30ffffffffff,0.0,0.0,0.0,0.0,0.0,0.0,0.0,0.0,0.0,0.0,0.0,0.0,0.0,0.0,0.0,0.0,13.0,0.0,0.0,0.0,0.0,0.0,0.0,0.0,0.0,0.0,0.0,0.0,0.0,0.0,0.0
82f317fffffffff,0.0,0.0,0.0,0.0,0.0,0.0,0.0,0.0,0.0,0.0,0.0,0.0,0.0,13.0,0.0,0.0,0.0,0.0,0.0,0.0,3.0,11.0,7.0,0.0,19.0,0.0,0.0,0.0,0.0,5.0,0.0
82f327fffffffff,0.0,0.0,0.0,0.0,0.0,0.0,0.0,0.0,0.0,0.0,0.0,0.0,0.0,0.0,0.0,0.0,39.0,0.0,0.0,0.0,0.0,0.0,0.0,0.0,0.0,0.0,0.0,0.0,0.0,0.0,0.0
82f32ffffffffff,0.0,0.0,0.0,0.0,0.0,0.0,0.0,0.0,0.0,0.0,0.0,0.0,0.0,0.0,0.0,0.0,6.0,0.0,0.0,0.0,0.0,0.0,0.0,0.0,0.0,0.0,0.0,0.0,0.0,0.0,0.0
82f337fffffffff,0.0,0.0,0.0,0.0,0.0,0.0,0.0,0.0,0.0,0.0,0.0,0.0,0.0,3.0,0.0,0.0,0.0,0.0,0.0,0.0,24.0,26.0,12.0,0.0,30.0,0.0,0.0,0.0,0.0,0.0,0.0
82f367fffffffff,0.0,0.0,0.0,0.0,0.0,0.0,0.0,0.0,0.0,0.0,0.0,0.0,0.0,0.0,0.0,0.0,0.0,9.0,0.0,0.0,0.0,0.0,0.0,0.0,0.0,0.0,0.0,0.0,0.0,0.0,0.0
82f3a7fffffffff,0.0,0.0,0.0,0.0,0.0,0.0,0.0,0.0,0.0,0.0,0.0,0.0,0.0,0.0,0.0,0.0,0.0,0.0,0.0,0.0,0.0,0.0,0.0,0.0,0.0,0.0,6.0,0.0,0.0,0.0,0.0
